Cites,Authors,Title,Year,Source,Publisher,ArticleURL,CitesURL,GSRank,QueryDate,Type,DOI,ISSN,CitationURL,Volume,Issue,StartPage,EndPage,ECC,CitesPerYear,CitesPerAuthor,AuthorCount,Age,Abstract,FullTextURL,RelatedURL
74,"P Tugwell, D Tovey","PRISMA 2020",2021,"Journal of Clinical Epidemiology","Elsevier","https://www.sciencedirect.com/science/article/pii/S089543562100130X","https://scholar.google.com/scholar?cites=2268540167823689558&as_sdt=2005&sciodt=2007&hl=en",1,"2024-11-27 10:37:00","HTML","","","",,,,,74,24.67,37,2,3,"A revision of the Preferred Reporting Items for Systematic reviews and Meta-Analyses (PRISMA) statement is an important event. The PRISMA 2020 statement has, like its predecessor (…","https://www.sciencedirect.com/science/article/pii/S089543562100130X","https://scholar.google.com/scholar?q=related:VgfWbUN5ex8J:scholar.google.com/&scioq=intitle:prisma%7Cintitle:%22%E4%BC%98%E5%85%88%E6%8A%A5%E5%91%8A%E6%9D%A1%E7%9B%AE%22&hl=en&as_sdt=2007"
520,"R Sarkis-Onofre, F Catalá-López, E Aromataris…","How to properly use the PRISMA Statement",2021,"Systematic …","Springer","https://link.springer.com/article/10.1186/s13643-021-01671-z","https://scholar.google.com/scholar?cites=10680579056304166110&as_sdt=2005&sciodt=2007&hl=en",2,"2024-11-27 10:37:00","HTML","10.1186/s13643-021-01671-z","","",,,,,520,173.33,130,4,3,"… including the PRISMA checklist or the most appropriate PRISMA extension. Using the PRISMA … completed review report, and completing the PRISMA checklists are likely to let reviewers …","https://link.springer.com/article/10.1186/s13643-021-01671-z","https://scholar.google.com/scholar?q=related:3pR8RhAKOZQJ:scholar.google.com/&scioq=intitle:prisma%7Cintitle:%22%E4%BC%98%E5%85%88%E6%8A%A5%E5%91%8A%E6%9D%A1%E7%9B%AE%22&hl=en&as_sdt=2007"
1949,"ML Rethlefsen, S Kirtley, S Waffenschmidt, AP Ayala…","PRISMA-S: an extension to the PRISMA statement for reporting literature searches in systematic reviews",2021,"Systematic reviews","Springer","https://link.springer.com/article/10.1186/S13643-020-01542-Z","https://scholar.google.com/scholar?cites=8077882857217203497&as_sdt=2005&sciodt=2007&hl=en",3,"2024-11-27 10:37:00","HTML","10.1186/S13643-020-01542-Z","","",,,,,1949,649.67,390,5,3,"… After observing the high number of systematic reviews with poorly reported literature searches, we sought to create an extension to the PRISMA statement. Our aims were four-fold: …","https://link.springer.com/article/10.1186/S13643-020-01542-Z","https://scholar.google.com/scholar?q=related:KR2mAalnGnAJ:scholar.google.com/&scioq=intitle:prisma%7Cintitle:%22%E4%BC%98%E5%85%88%E6%8A%A5%E5%91%8A%E6%9D%A1%E7%9B%AE%22&hl=en&as_sdt=2007"
58,"S D'Amico, P Bodin, M Delpech, R Noteborn","Prisma",2012,"Distributed space missions …","Springer","https://link.springer.com/chapter/10.1007/978-1-4614-4541-8_21","https://scholar.google.com/scholar?cites=2422227093188669071&as_sdt=2005&sciodt=2007&hl=en",4,"2024-11-27 10:37:00","","10.1007/978-1-4614-4541-8_21","","",,,,,58,4.83,15,4,12,"PRISMA is a precursor mission for formation-flying and on-orbit-servicing critical technologies. It consists of two spacecraft launched clamped together in low Earth orbit and separated …","https://scholar.google.com/scholar?output=instlink&q=info:j27WLrV6nSEJ:scholar.google.com/&hl=en&as_sdt=2007&scillfp=11864667328645404604&oi=lle","https://scholar.google.com/scholar?q=related:j27WLrV6nSEJ:scholar.google.com/&scioq=intitle:prisma%7Cintitle:%22%E4%BC%98%E5%85%88%E6%8A%A5%E5%91%8A%E6%9D%A1%E7%9B%AE%22&hl=en&as_sdt=2007"
242,"…, J Tetzlaff, DG Altman, G Prisma","Ítems de referencia para publicar revisiones sistemáticas y metaanálisis: la Declaración PRISMA",2014,"Revista Española de …","dialnet.unirioja.es","https://dialnet.unirioja.es/descarga/articulo/4821653.pdf","https://scholar.google.com/scholar?cites=15760499599124093695&as_sdt=2005&sciodt=2007&hl=en",5,"2024-11-27 10:37:00","PDF","","","",,,,,242,24.20,61,4,10,"… la página web de PRISMA (http://www.prisma-statement.org/). … Declaración PRISMA e incluir la dirección web de PRISMA en … editoriales que consideren apoyar PRISMA y animar a los …","https://dialnet.unirioja.es/descarga/articulo/4821653.pdf","https://scholar.google.com/scholar?q=related:_1p6-OGKuNoJ:scholar.google.com/&scioq=intitle:prisma%7Cintitle:%22%E4%BC%98%E5%85%88%E6%8A%A5%E5%91%8A%E6%9D%A1%E7%9B%AE%22&hl=en&as_sdt=2007"
163,"MJ Page, D Moher, JE McKenzie","Introduction to PRISMA 2020 and implications for research synthesis methodologists",2022,"Research synthesis …","Wiley Online Library","https://onlinelibrary.wiley.com/doi/abs/10.1002/jrsm.1535","https://scholar.google.com/scholar?cites=3026073662615334151&as_sdt=2005&sciodt=2007&hl=en",6,"2024-11-27 10:37:00","","10.1002/jrsm.1535","","",,,,,163,81.50,54,3,2,"… uptake and implementation of PRISMA 2020. Authors should find PRISMA 2020 most suitable … The PRISMA 2020 checklist retains all items in the PRISMA 2009 checklist. However, the …","https://onlinelibrary.wiley.com/doi/pdf/10.1002/jrsm.1535","https://scholar.google.com/scholar?q=related:By1anPbF_ikJ:scholar.google.com/&scioq=intitle:prisma%7Cintitle:%22%E4%BC%98%E5%85%88%E6%8A%A5%E5%91%8A%E6%9D%A1%E7%9B%AE%22&hl=en&as_sdt=2007"
1025,"B Takkouche, G Norman","PRISMA statement",2011,"Epidemiology","journals.lww.com","https://journals.lww.com/epidem/fulltext/2011/01000/prisma_statement.23.aspx","https://scholar.google.com/scholar?cites=5256461683410663546&as_sdt=2005&sciodt=2007&hl=en",7,"2024-11-27 10:37:00","","","","",,,,,1025,78.85,513,2,13,"In their recent commentary Takkouche and Norman1 seriously misrepresent the PRISMA guideline for reporting systematic reviews and meta-analyses. They state that PRISMA “…","https://journals.lww.com/epidem/_layouts/15/oaks.journals/downloadpdf.aspx?an=00001648-201101000-00023","https://scholar.google.com/scholar?q=related:evgkFw208kgJ:scholar.google.com/&scioq=intitle:prisma%7Cintitle:%22%E4%BC%98%E5%85%88%E6%8A%A5%E5%91%8A%E6%9D%A1%E7%9B%AE%22&hl=en&as_sdt=2007"
43,"…, J Tetzlaff, DG Altman, PRISMA Group","系统综述和荟萃分析优先报告的条目: PRISMA 声明",2009,"Journal of Integrative …","jcimjournal.com","http://www.jcimjournal.com/EN/abstract/abstract1309.shtml","https://scholar.google.com/scholar?cites=17956205826866278809&as_sdt=2005&sciodt=2007&hl=en",8,"2024-11-27 10:37:00","","","","",,,,,43,2.87,11,4,15,"… 能支持PRISMA,可以通 过在PRISMA网页… 《PRISMA声明》的期刊在作者须知 中引用该声明,并 将PRISMA网站的网址加入期刊 的作者须知中去.同时我们也邀请相关的编辑组织 考虑对PRISMA…","http://www.jcimjournal.com/CN/article/downloadArticleFile.do?attachType=PDF&id=1309","https://scholar.google.com/scholar?q=related:mfEpQBBCMfkJ:scholar.google.com/&scioq=intitle:prisma%7Cintitle:%22%E4%BC%98%E5%85%88%E6%8A%A5%E5%91%8A%E6%9D%A1%E7%9B%AE%22&hl=en&as_sdt=2007"
80,"C Galeazzi, A Sacchetti, A Cisbani…","The PRISMA program",2008,"IGARSS 2008-2008 …","ieeexplore.ieee.org","https://ieeexplore.ieee.org/abstract/document/4779667/","https://scholar.google.com/scholar?cites=358992566069205340&as_sdt=2005&sciodt=2007&hl=en",9,"2024-11-27 10:37:00","","","","",,,,,80,5.00,20,4,16,"In the framework of its activities in the field of Earth Observation, the Italian Space Agency (ASI) in 2007 have started the design, development and deployment of the PRISMA mission. …","https://ieeexplore.ieee.org/iel5/4757194/4779630/04779667.pdf","https://scholar.google.com/scholar?q=related:XJmPOdZl-wQJ:scholar.google.com/&scioq=intitle:prisma%7Cintitle:%22%E4%BC%98%E5%85%88%E6%8A%A5%E5%91%8A%E6%9D%A1%E7%9B%AE%22&hl=en&as_sdt=2007"
540,"AA Selçuk","A guide for systematic reviews: PRISMA",2019,"Turkish archives of otorhinolaryngology","ncbi.nlm.nih.gov","https://www.ncbi.nlm.nih.gov/pmc/articles/PMC6461330/","https://scholar.google.com/scholar?cites=3980179760052508593&as_sdt=2005&sciodt=2007&hl=en",10,"2024-11-27 10:37:00","HTML","","","",,,,,540,108.00,540,1,5,"… by the PRISMA group that gives examples to a systematic review in line with the guidelines, as well as detailed explanations and descriptions (8). All content related to the PRISMA …","https://www.ncbi.nlm.nih.gov/pmc/articles/PMC6461330/","https://scholar.google.com/scholar?q=related:sRchZGdwPDcJ:scholar.google.com/&scioq=intitle:prisma%7Cintitle:%22%E4%BC%98%E5%85%88%E6%8A%A5%E5%91%8A%E6%9D%A1%E7%9B%AE%22&hl=en&as_sdt=2007"
73,"YV Stenkin","On the PRISMA project",2009,"arXiv preprint arXiv:0902.0138","arxiv.org","https://arxiv.org/abs/0902.0138","https://scholar.google.com/scholar?cites=5916455661991084564&as_sdt=2005&sciodt=2007&hl=en",11,"2024-11-27 10:37:00","","","","",,,,,73,4.87,73,1,15,"… Introducing remarks As it was already mentioned, the PRISMA experiment is aimed to solve the “knee problem” in cosmic ray spectrum. The best way to do so could be direct cosmic ray …","https://arxiv.org/pdf/0902.0138","https://scholar.google.com/scholar?q=related:FMJT7hN5G1IJ:scholar.google.com/&scioq=intitle:prisma%7Cintitle:%22%E4%BC%98%E5%85%88%E6%8A%A5%E5%91%8A%E6%9D%A1%E7%9B%AE%22&hl=en&as_sdt=2007"
626,"B Hutton, F Catalá-López, D Moher","La extensión de la declaración PRISMA para revisiones sistemáticas que incorporan metaanálisis en red: PRISMA-NMA",2016,"Med Clin (Barc)","prisma-statement.org","https://www.prisma-statement.org/s/PRISMA-NMA-Spanish-n6zk.pdf","https://scholar.google.com/scholar?cites=12907760971261385117&as_sdt=2005&sciodt=2007&hl=en",12,"2024-11-27 10:37:00","PDF","","","",,,,,626,78.25,209,3,8,"… Para mejorar la claridad, la transparencia y la calidad de este tipo de revisiones sistemáticas se desarrolló una extensión de la declaración PRISMA para NMA12 (PRISMA-NMA), cuya …","https://www.prisma-statement.org/s/PRISMA-NMA-Spanish-n6zk.pdf","https://scholar.google.com/scholar?q=related:nZmvETeUIbMJ:scholar.google.com/&scioq=intitle:prisma%7Cintitle:%22%E4%BC%98%E5%85%88%E6%8A%A5%E5%91%8A%E6%9D%A1%E7%9B%AE%22&hl=en&as_sdt=2007"
55,"L Candela, R Formaro, R Guarini…","The PRISMA mission",2016,"… and remote sensing …","ieeexplore.ieee.org","https://ieeexplore.ieee.org/abstract/document/7729057/","https://scholar.google.com/scholar?cites=960304988822636853&as_sdt=2005&sciodt=2007&hl=en",13,"2024-11-27 10:37:00","","","","",,,,,55,6.88,14,4,8,"… Due to the big number of spectral channels, ranging from visible to short wave infrared, PRISMA data will allow an efficient … PRISMA is an innovative remote sensing mission focused on …","https://ieeexplore.ieee.org/iel7/7592514/7728980/07729057.pdf","https://scholar.google.com/scholar?q=related:NQnPpkywUw0J:scholar.google.com/&scioq=intitle:prisma%7Cintitle:%22%E4%BC%98%E5%85%88%E6%8A%A5%E5%91%8A%E6%9D%A1%E7%9B%AE%22&hl=en&as_sdt=2007"
75,"R Harding, IJ Higginson, O behalf of PRISMA","PRISMA: a pan-European co-ordinating action to advance the science in end-of-life cancer care",2010,"European journal of cancer","Elsevier","https://www.sciencedirect.com/science/article/pii/S0959804910000833","https://scholar.google.com/scholar?cites=6710341205899289342&as_sdt=2005&sciodt=2007&hl=en",14,"2024-11-27 10:37:00","HTML","","","",,,,,75,5.36,25,3,14,"… DISCUSSION: PRISMA is currently producing a series of outputs to be accessible to the … on the work of PRISMA and to lead high quality work informed by our deliverables. PRISMA, we …","https://www.sciencedirect.com/science/article/pii/S0959804910000833","https://scholar.google.com/scholar?q=related:_iJLG8brH10J:scholar.google.com/&scioq=intitle:prisma%7Cintitle:%22%E4%BC%98%E5%85%88%E6%8A%A5%E5%91%8A%E6%9D%A1%E7%9B%AE%22&hl=en&as_sdt=2007"
320,"KHA Wahid","Prisma Pemikiran Gus Dur",2010,"","books.google.com","https://books.google.com/books?hl=en&lr=&id=LnBnDwAAQBAJ&oi=fnd&pg=PR7&dq=prisma%7C%22%E4%BC%98%E5%85%88%E6%8A%A5%E5%91%8A%E6%9D%A1%E7%9B%AE%22&ots=IfnoYgbB1l&sig=i1zikixZhA99T-N7JYZP7GvUr7A","https://scholar.google.com/scholar?cites=18132223805937296754&as_sdt=2005&sciodt=2007&hl=en",15,"2024-11-27 10:37:00","BOOK","","","",,,,,320,22.86,320,1,14,"… Buku yang ada di hadapan sidang pembaca ini semula merupakan kepingan artikel Abdurrahman Wahid (Gus Dur) yang pernah dimuat di jurnal Prisma. Prisma dikenal …","","https://scholar.google.com/scholar?q=related:ciXGnHuZovsJ:scholar.google.com/&scioq=intitle:prisma%7Cintitle:%22%E4%BC%98%E5%85%88%E6%8A%A5%E5%91%8A%E6%9D%A1%E7%9B%AE%22&hl=en&as_sdt=2007"
105,"FM Borini, FCF Ribeiro, FP Coelho…","O prisma da internacionalização: um estudo de caso",2006,"Revista de …","revista.fumec.br","http://revista.fumec.br/index.php/facesp/article/view/81","https://scholar.google.com/scholar?cites=14358437593115529426&as_sdt=2005&sciodt=2007&hl=en",16,"2024-11-27 10:37:00","","","","",,,,,105,5.83,26,4,18,"… RESUMO O prisma da internacionalização é um modelo para … São consideradas as seguintes teorias para compor o prisma: … Este artigo mostra como a perspectiva do prisma pode ser …","http://revista.fumec.br/index.php/facesp/article/download/81/78","https://scholar.google.com/scholar?q=related:0hBEq-pqQ8cJ:scholar.google.com/&scioq=intitle:prisma%7Cintitle:%22%E4%BC%98%E5%85%88%E6%8A%A5%E5%91%8A%E6%9D%A1%E7%9B%AE%22&hl=en&as_sdt=2007"
106,"R Loizzo, M Daraio, R Guarini, F Longo…","Prisma mission status and perspective",2019,"IGARSS 2019-2019 …","ieeexplore.ieee.org","https://ieeexplore.ieee.org/abstract/document/8899272/","https://scholar.google.com/scholar?cites=8831492515040777610&as_sdt=2005&sciodt=2007&hl=en",17,"2024-11-27 10:37:00","","","","",,,,,106,21.20,21,5,5,"… In the upcoming Earth Observation European scenario PRISMA is expected to be a good … This paper will report the status of the PRISMA mission after the launch was on 22 March …","https://ieeexplore.ieee.org/iel7/8891871/8897702/08899272.pdf","https://scholar.google.com/scholar?q=related:itWGs6bDj3oJ:scholar.google.com/&scioq=intitle:prisma%7Cintitle:%22%E4%BC%98%E5%85%88%E6%8A%A5%E5%91%8A%E6%9D%A1%E7%9B%AE%22&hl=en&as_sdt=2007"
221,"R Loizzo, R Guarini, F Longo, T Scopa…","PRISMA: The Italian hyperspectral mission",2018,"IGARSS 2018-2018 …","ieeexplore.ieee.org","https://ieeexplore.ieee.org/abstract/document/8518512/","https://scholar.google.com/scholar?cites=7276778831105837887&as_sdt=2005&sciodt=2007&hl=en",18,"2024-11-27 10:37:00","","","","",,,,,221,36.83,44,5,6,"… the performances of the L1 and L2 PRISMA processors. The hyper-spectral image simulator for PRISMA mission produces simulated PRISMA-like imagery in the spectral range of …","https://ieeexplore.ieee.org/iel7/8496405/8517275/08518512.pdf","https://scholar.google.com/scholar?q=related:P0sl-cpP_GQJ:scholar.google.com/&scioq=intitle:prisma%7Cintitle:%22%E4%BC%98%E5%85%88%E6%8A%A5%E5%91%8A%E6%9D%A1%E7%9B%AE%22&hl=en&as_sdt=2007"
733,"…, D Tovey, PRISMA for Abstracts Group","PRISMA for abstracts: reporting systematic reviews in journal and conference abstracts",2013,"PLoS …","journals.plos.org","https://journals.plos.org/plosmedicine/article?id=10.1371/journal.pmed.1001419","https://scholar.google.com/scholar?cites=16927858974901990657&as_sdt=2005&sciodt=2007&hl=en",19,"2024-11-27 10:37:00","HTML","","","",,,,,733,66.64,244,3,11,"… We developed consensus-based reporting guidelines as an extension to the PRISMA Statement on good reporting of systematic reviews and meta-analyses in abstracts. … After …","https://journals.plos.org/plosmedicine/article?id=10.1371/journal.pmed.1001419","https://scholar.google.com/scholar?q=related:AfXwzgzW6-oJ:scholar.google.com/&scioq=intitle:prisma%7Cintitle:%22%E4%BC%98%E5%85%88%E6%8A%A5%E5%91%8A%E6%9D%A1%E7%9B%AE%22&hl=en&as_sdt=2007"
282,"AM Stefanini, L Corradi, G Maron, A Pisent, M Trotta…","The heavy-ion magnetic spectrometer PRISMA",2002,"Nuclear Physics A","Elsevier","https://www.sciencedirect.com/science/article/pii/S0375947401015780","https://scholar.google.com/scholar?cites=5144566122015299889&as_sdt=2005&sciodt=2007&hl=en",20,"2024-11-27 10:37:00","","","","",,,,,282,12.82,47,6,22,"… by PRISMA both in the field of reaction dynamics and in nuclear structure studies, particularly for neutron-rich nuclei, when PRISMA … ) of ≃ 12 hours; PRISMA will have a solid angle 30 …","http://www0.mi.infn.it/~sleoni/TEACHING/Nuc-Phys-Det/PDF/papers/Stefanini-NPA701-2002-217c.pdf","https://scholar.google.com/scholar?q=related:MRk7gqErZUcJ:scholar.google.com/&scioq=intitle:prisma%7Cintitle:%22%E4%BC%98%E5%85%88%E6%8A%A5%E5%91%8A%E6%9D%A1%E7%9B%AE%22&hl=en&as_sdt=2007"
25550,"AC Tricco, E Lillie, W Zarin, KK O'Brien…","PRISMA extension for scoping reviews (PRISMA-ScR): checklist and explanation",2018,"Annals of internal …","acpjournals.org","https://www.acpjournals.org/doi/abs/10.7326/M18-0850","https://scholar.google.com/scholar?cites=15842885964866283616&as_sdt=2005&sciodt=2007&hl=en",21,"2024-11-27 10:37:00","","10.7326/M18-0850","","",,,,,25550,4258.33,5110,5,6,"… PRISMA-ScR is intended to provide guidance on the reporting of scoping reviews. To develop this PRISMA extension, the original PRISMA … It is hoped that the PRISMA-ScR will improve …","https://www.acpjournals.org/doi/full/10.7326/M18-0850","https://scholar.google.com/scholar?q=related:YGjgiNg83dsJ:scholar.google.com/&scioq=intitle:prisma%7Cintitle:%22%E4%BC%98%E5%85%88%E6%8A%A5%E5%91%8A%E6%9D%A1%E7%9B%AE%22&hl=en&as_sdt=2007"
398,"B Hutton, F Catala-Lopez, D Moher","The PRISMA statement extension for systematic reviews incorporating network meta-analysis: PRISMA-NMA",2016,"Medicina Clínica (English Edition)","Elsevier","https://www.sciencedirect.com/science/article/pii/S2387020616306015","https://scholar.google.com/scholar?cites=17999830157429266585&as_sdt=2005&sciodt=2007&hl=en",22,"2024-11-27 10:37:00","HTML","","","",,,,,398,49.75,133,3,8,"… Dissemination and implementation of the PRISMA statement seems to indicate … type of systematic reviews, the PRISMA extension statement for NMA was developed 12 (PRISMA-NMA), …","https://www.sciencedirect.com/science/article/pii/S2387020616306015","https://scholar.google.com/scholar?q=related:mVjvNik-zPkJ:scholar.google.com/&scioq=intitle:prisma%7Cintitle:%22%E4%BC%98%E5%85%88%E6%8A%A5%E5%91%8A%E6%9D%A1%E7%9B%AE%22&hl=en&as_sdt=2007"
261,"V Welch, M Petticrew, J Petkovic, D Moher…","Extending the PRISMA statement to equity-focused systematic reviews (PRISMA-E 2012): explanation and elaboration",2016,"Journal of clinical …","Elsevier","https://www.sciencedirect.com/science/article/pii/S0895435615004205","https://scholar.google.com/scholar?cites=8570951403590911909&as_sdt=2005&sciodt=2007&hl=en",23,"2024-11-27 10:37:00","HTML","","","",,,,,261,32.63,52,5,8,"… conjunction with the PRISMA-E 2012 statement and with the original PRISMA statement and … We use the term “we” to refer to the consensus panel that met to finalize the PRISMA-Equity …","https://www.sciencedirect.com/science/article/pii/S0895435615004205","https://scholar.google.com/scholar?q=related:pQcsBuQi8nYJ:scholar.google.com/&scioq=intitle:prisma%7Cintitle:%22%E4%BC%98%E5%85%88%E6%8A%A5%E5%91%8A%E6%9D%A1%E7%9B%AE%22&hl=en&as_sdt=2007"
186,"D Moher, L Stewart, P Shekelle","Implementing PRISMA-P: recommendations for prospective authors",2016,"Systematic reviews","Springer","https://link.springer.com/article/10.1186/s13643-016-0191-y","https://scholar.google.com/scholar?cites=6928737989501919127&as_sdt=2005&sciodt=2007&hl=en",24,"2024-11-27 10:37:00","HTML","10.1186/s13643-016-0191-y","","",,,,,186,23.25,62,3,8,"… Authors should also include a completed PRISMA-P checklist … PRISMA-P checklist, which includes the two added columns, from the journal’s website (URL to be added) or the PRISMA …","https://link.springer.com/article/10.1186/s13643-016-0191-y","https://scholar.google.com/scholar?q=related:lx8Ezn3SJ2AJ:scholar.google.com/&scioq=intitle:prisma%7Cintitle:%22%E4%BC%98%E5%85%88%E6%8A%A5%E5%91%8A%E6%9D%A1%E7%9B%AE%22&hl=en&as_sdt=2007"
2713,"G Urrútia, X Bonfill","Declaración PRISMA: una propuesta para mejorar la publicación de revisiones sistemáticas y metaanálisis",2010,"Medicina clínica","bmjopen.bmj.com","https://bmjopen.bmj.com/content/bmjopen/suppl/2013/06/10/bmjopen-2012-002330.DC1/bmjopen-2012-002330supp_PRISMA-2010.pdf","https://scholar.google.com/scholar?cites=5962383402918274063&as_sdt=2005&sciodt=2007&hl=en",25,"2024-11-27 10:37:00","","","","",,,,,2713,193.79,1357,2,14,"… La nueva lista de comprobación PRISMA difiere en varios aspectos con respecto a QUOROM. En primer lugar, PRISMA presenta un total de 27 ıtems (tabla 1) frente a los 18 ıtems de …","https://revistas.um.es/eglobal/article/download/251571/242631/","https://scholar.google.com/scholar?q=related:D-SgaR2kvlIJ:scholar.google.com/&scioq=intitle:prisma%7Cintitle:%22%E4%BC%98%E5%85%88%E6%8A%A5%E5%91%8A%E6%9D%A1%E7%9B%AE%22&hl=en&as_sdt=2007"
121,"…, P Tugwell, PRISMA-Equity Bellagio group","Extending the PRISMA statement to equity-focused systematic reviews (PRISMA-E 2012): explanation and elaboration",2015,"International Journal for …","Springer","https://link.springer.com/article/10.1186/s12939-015-0219-2","https://scholar.google.com/scholar?cites=6778117306283512923&as_sdt=2005&sciodt=2007&hl=en",26,"2024-11-27 10:37:00","HTML","10.1186/s12939-015-0219-2","","",,,,,121,13.44,40,3,9,"… conjunction with the PRISMA-E 2012 statement and with the original PRISMA statement and … We use the term “we” to refer to the consensus panel that met to finalize the PRISMA-Equity …","https://link.springer.com/article/10.1186/s12939-015-0219-2","https://scholar.google.com/scholar?q=related:W9T0Lse1EF4J:scholar.google.com/&scioq=intitle:prisma%7Cintitle:%22%E4%BC%98%E5%85%88%E6%8A%A5%E5%91%8A%E6%9D%A1%E7%9B%AE%22&hl=en&as_sdt=2007"
7,"张珺, 葛龙, 赵晔, 王茵, 张菊霞, 田金徽","PRISMA 系列报告规范简介",2015,"中国药物评价","zgywpj.cn","http://www.zgywpj.cn/CN/Y2015/V32/I5/257","https://scholar.google.com/scholar?cites=4505564113212549509&as_sdt=2005&sciodt=2007&hl=en",27,"2024-11-27 10:37:00","","","","",,,,,7,0.78,1,6,9,": 近年来, 随着系统评价/meta 分析方法学的不断完善, 大量的系统评价/Meta 分析发表, 但报告 质量存在严重问题. 为规范系统评价/Meta 分析报告, PRISMA 系列报告指南被陆续发表. 本文将对…","","https://scholar.google.com/scholar?q=related:hSnIgLD6hj4J:scholar.google.com/&scioq=intitle:prisma%7Cintitle:%22%E4%BC%98%E5%85%88%E6%8A%A5%E5%91%8A%E6%9D%A1%E7%9B%AE%22&hl=en&as_sdt=2007"
2033,"MJ Page, JE McKenzie, PM Bossuyt, I Boutron…","Declaración PRISMA 2020: una guía actualizada para la publicación de revisiones sistemáticas",2021,"Revista española de …","Elsevier","https://www.sciencedirect.com/science/article/pii/S0300893221002748","https://scholar.google.com/scholar?cites=10232133199030025595&as_sdt=2005&sciodt=2007&hl=en",28,"2024-11-27 10:37:00","HTML","","","",,,,,2033,677.67,407,5,3,"… La declaración prisma 2020 sustituye a la declaración de … En este artículo, presentamos la lista de verificación PRISMA … lista de verificación del resumen estructurado PRISMA 2020 y el …","https://www.sciencedirect.com/science/article/pii/S0300893221002748","https://scholar.google.com/scholar?q=related:e32qru7W_40J:scholar.google.com/&scioq=intitle:prisma%7Cintitle:%22%E4%BC%98%E5%85%88%E6%8A%A5%E5%91%8A%E6%9D%A1%E7%9B%AE%22&hl=en&as_sdt=2007"
136,"PS Fleming, D Koletsi, N Pandis","Blinded by PRISMA: are systematic reviewers focusing on PRISMA and ignoring other guidelines?",2014,"PLoS One","journals.plos.org","https://journals.plos.org/plosone/article?id=10.1371/journal.pone.0096407","https://scholar.google.com/scholar?cites=16611384206115991858&as_sdt=2005&sciodt=2007&hl=en",29,"2024-11-27 10:37:00","HTML","","","",,,,,136,13.60,45,3,10,"… the usage of PRISMA guidelines specifically, it is likely that epidemiologic and diagnostic reviews that cite more specific guidelines in isolation, without referring to PRISMA, exist. …","https://journals.plos.org/plosone/article?id=10.1371/journal.pone.0096407","https://scholar.google.com/scholar?q=related:MvETsex9h-YJ:scholar.google.com/&scioq=intitle:prisma%7Cintitle:%22%E4%BC%98%E5%85%88%E6%8A%A5%E5%91%8A%E6%9D%A1%E7%9B%AE%22&hl=en&as_sdt=2007"
29,"K Dickson, CA Yeung","PRISMA 2020 updated guideline",2022,"British dental journal","nature.com","https://www.nature.com/articles/s41415-022-4359-7","https://scholar.google.com/scholar?cites=1117596324351361147&as_sdt=2005&sciodt=2007&hl=en",30,"2024-11-27 10:37:00","","","","",,,,,29,14.50,15,2,2,"(Musculus masseter pars coronidea) in a cadaveric study. 2 They noted that this layer originates on the zygomatic process of the temporal bone, running anteromedially attaching at the …","https://www.nature.com/articles/s41415-022-4359-7.pdf","https://scholar.google.com/scholar?q=related:e8A-i-9_gg8J:scholar.google.com/&scioq=intitle:prisma%7Cintitle:%22%E4%BC%98%E5%85%88%E6%8A%A5%E5%91%8A%E6%9D%A1%E7%9B%AE%22&hl=en&as_sdt=2007"
93,"J Moraga, R Cartes-Velásquez","Pautas de chequeo, parte II: QUOROM y PRISMA",2015,"Revista chilena de cirugía","SciELO Chile","https://www.scielo.cl/scielo.php?pid=S0718-40262015000300015&script=sci_arttext","https://scholar.google.com/scholar?cites=11073352807809437325&as_sdt=2005&sciodt=2007&hl=en",31,"2024-11-27 10:37:00","HTML","","","",,,,,93,10.33,47,2,9,"Las revisiones sistemáticas (RS), especialmente las que incluyen meta-análisis, son los diseños que aportan el más alto nivel de evidencia en la actualidad. Sin embargo, al igual que …","https://www.scielo.cl/scielo.php?pid=S0718-40262015000300015&script=sci_arttext","https://scholar.google.com/scholar?q=related:jU4OprVzrJkJ:scholar.google.com/&scioq=intitle:prisma%7Cintitle:%22%E4%BC%98%E5%85%88%E6%8A%A5%E5%91%8A%E6%9D%A1%E7%9B%AE%22&hl=en&as_sdt=2007"
406,"MJ Page, JE McKenzie, PM Bossuyt…","A declaração PRISMA 2020: diretriz atualizada para relatar revisões sistemáticas",2023,"… de salud publica","SciELO Public Health","https://www.scielosp.org/article/rpsp/2022.v46/e112/pt/","https://scholar.google.com/scholar?cites=8291070616290827547&as_sdt=2005&sciodt=2007&hl=en",32,"2024-11-27 10:37:00","HTML","","","",,,,,406,406.00,102,4,1,"… A declaração PRISMA 2020 … PRISMA 2020 de 27 itens, uma lista de checagem expandida que detalha as recomendações para relato para cada item, a lista de checagem PRISMA …","https://www.scielosp.org/article/rpsp/2022.v46/e112/pt/","https://scholar.google.com/scholar?q=related:G52xK8zMD3MJ:scholar.google.com/&scioq=intitle:prisma%7Cintitle:%22%E4%BC%98%E5%85%88%E6%8A%A5%E5%91%8A%E6%9D%A1%E7%9B%AE%22&hl=en&as_sdt=2007"
716,"…, H White, PRISMA-Equity Bellagio group","PRISMA-Equity 2012 extension: reporting guidelines for systematic reviews with a focus on health equity",2012,"PLoS …","journals.plos.org","https://journals.plos.org/plosmedicine/article?id=10.1371/journal.pmed.1001333","https://scholar.google.com/scholar?cites=328480574034199195&as_sdt=2005&sciodt=2007&hl=en",33,"2024-11-27 10:37:00","HTML","","","",,,,,716,59.67,239,3,12,"… This equity extension of PRISMA emphasizes the importance of enhancing the reporting of methods and results relevant to health equity, which we believe will improve the evidence base …","https://journals.plos.org/plosmedicine/article?id=10.1371/journal.pmed.1001333","https://scholar.google.com/scholar?q=related:m8Lself_jgQJ:scholar.google.com/&scioq=intitle:prisma%7Cintitle:%22%E4%BC%98%E5%85%88%E6%8A%A5%E5%91%8A%E6%9D%A1%E7%9B%AE%22&hl=en&as_sdt=2007"
226,"E Gill, S D'Amico, O Montenbruck","Autonomous formation flying for the PRISMA mission",2007,"Journal of Spacecraft and Rockets","arc.aiaa.org","https://arc.aiaa.org/doi/abs/10.2514/1.23015","https://scholar.google.com/scholar?cites=4456069925627535667&as_sdt=2005&sciodt=2007&hl=en",34,"2024-11-27 10:37:00","","10.2514/1.23015","","",,,,,226,13.29,75,3,17,"FORMATION flying of satellites is a research topic that has led to a variety of ambitious mission proposals in the past [1]. However, actual experience in formation flying is limited in terms …","https://arc.aiaa.org/doi/pdf/10.2514/1.23015","https://scholar.google.com/scholar?q=related:M6FU8_wj1z0J:scholar.google.com/&scioq=intitle:prisma%7Cintitle:%22%E4%BC%98%E5%85%88%E6%8A%A5%E5%91%8A%E6%9D%A1%E7%9B%AE%22&hl=en&as_sdt=2007"
72660,"MJ Page, JE McKenzie, PM Bossuyt, I Boutron…","The PRISMA 2020 statement: an updated guideline for reporting systematic reviews",2021,"bmj","bmj.com","https://www.bmj.com/content/372/bmj.n71.short","https://scholar.google.com/scholar?cites=15727065504675327747&as_sdt=2005&sciodt=2007&hl=en",35,"2024-11-27 10:37:00","","","","",,,,,72660,24220.00,14532,5,3,"… A complete description of the methods used to develop PRISMA 2020 is available elsewhere.We identified PRISMA 2009 items that were often reported incompletely by examining the …","https://www.bmj.com/content/bmj/372/bmj.n71.full.pdf","https://scholar.google.com/scholar?q=related:A-94PcDCQdoJ:scholar.google.com/&scioq=intitle:prisma%7Cintitle:%22%E4%BC%98%E5%85%88%E6%8A%A5%E5%91%8A%E6%9D%A1%E7%9B%AE%22&hl=en&as_sdt=2007"
21254,"…, P Shekelle, LA Stewart, Prisma-P Group","Preferred reporting items for systematic review and meta-analysis protocols (PRISMA-P) 2015 statement",2015,"Systematic reviews","Springer","https://link.springer.com/article/10.1186/2046-4053-4-1","https://scholar.google.com/scholar?cites=17703042528107474191&as_sdt=2005&sciodt=2007&hl=en",36,"2024-11-27 10:37:00","HTML","10.1186/2046-4053-4-1","","",,,,,21254,2361.56,5314,4,9,"… effort to harmonize the PRISMA-P checklist items with the items of the PRISMA checklist to … Thirteen PRISMA-P sub-items have existing PRISMA counterparts. Where PRISMA wording …","https://link.springer.com/article/10.1186/2046-4053-4-1","https://scholar.google.com/scholar?q=related:D616c2LXrfUJ:scholar.google.com/&scioq=intitle:prisma%7Cintitle:%22%E4%BC%98%E5%85%88%E6%8A%A5%E5%91%8A%E6%9D%A1%E7%9B%AE%22&hl=en&as_sdt=2007"
11560,"…, A Liberati, J Tetzlaff, DG Altman, Prisma Group","Preferred reporting items for systematic reviews and meta-analyses: the PRISMA statement",2010,"International journal of …","Elsevier","https://www.sciencedirect.com/science/article/pii/S1743919110000403","https://scholar.google.com/scholar?cites=12029221897513813898&as_sdt=2005&sciodt=2007&hl=en",37,"2024-11-27 10:37:00","HTML","","","",,,,,11560,825.71,2312,5,14,"… PRISMA; they can do so by registering on the PRISMA Web … reference the PRISMA Statement and include the PRISMA Web … PRISMA and encourage authors to adhere to its principles. …","https://www.sciencedirect.com/science/article/pii/S1743919110000403","https://scholar.google.com/scholar?q=related:ikepDZVh8KYJ:scholar.google.com/&scioq=intitle:prisma%7Cintitle:%22%E4%BC%98%E5%85%88%E6%8A%A5%E5%91%8A%E6%9D%A1%E7%9B%AE%22&hl=en&as_sdt=2007"
132678,"…, J Tetzlaff, DG Altman, t PRISMA Group*","Preferred reporting items for systematic reviews and meta-analyses: the PRISMA statement",2009,"Annals of internal …","acpjournals.org","https://www.acpjournals.org/doi/abs/10.7326/0003-4819-151-4-200908180-00135","https://scholar.google.com/scholar?cites=5335525499313988149&as_sdt=2005&sciodt=2007&hl=en",38,"2024-11-27 10:37:00","","10.7326/0003-4819-151-4-200908180-00135","","",,,,,132678,8845.20,33170,4,15,"… PRISMA; they can do so by registering on the PRISMA Web … reference the PRISMA Statement and include the PRISMA Web … We will use such information to inform PRISMA's continued …","https://www.acpjournals.org/doi/full/10.7326/0003-4819-151-4-200908180-00135?journalCode=aim","https://scholar.google.com/scholar?q=related:NSKmPCyYC0oJ:scholar.google.com/&scioq=intitle:prisma%7Cintitle:%22%E4%BC%98%E5%85%88%E6%8A%A5%E5%91%8A%E6%9D%A1%E7%9B%AE%22&hl=en&as_sdt=2007"
7,"王小琴, 韦当, 刘雅莉, 伍财亮, 季凯, 魏金全, 杨克虎","PRISMA 声明应用现状调查",2014,"","ir.lzu.edu.cn","https://ir.lzu.edu.cn/handle/262010/164079","https://scholar.google.com/scholar?cites=5524034013581964859&as_sdt=2005&sciodt=2007&hl=en",39,"2024-11-27 10:37:00","","","","",,,,,7,0.70,1,7,10,"… 对149 篇全文的文献计量分析结果显示: 这些文献发表在118 种期刊上, 而PRISMA 官网公布 的支持期刊有176 种. 按研究类型分类, 系统评价/Meta 分析111 篇(既用于制作, 也用于报告)... …","","https://scholar.google.com/scholar?q=related:O3a68qpPqUwJ:scholar.google.com/&scioq=intitle:prisma%7Cintitle:%22%E4%BC%98%E5%85%88%E6%8A%A5%E5%91%8A%E6%9D%A1%E7%9B%AE%22&hl=en&as_sdt=2007"
208,"S Cogliati, F Sarti, L Chiarantini, M Cosi…","The PRISMA imaging spectroscopy mission: overview and first performance analysis",2021,"Remote sensing of …","Elsevier","https://www.sciencedirect.com/science/article/pii/S0034425721002170","https://scholar.google.com/scholar?cites=7855991660456415316&as_sdt=2005&sciodt=2007&hl=en",40,"2024-11-27 10:37:00","HTML","","","",,,,,208,69.33,42,5,3,"… PRISMA commission phase, we aim to provide a first evaluation of the spectral, spatial and radiometric performance of PRISMA L … radiance measured by PRISMA and modelled using in-…","https://www.sciencedirect.com/science/article/pii/S0034425721002170","https://scholar.google.com/scholar?q=related:VJDv18oWBm0J:scholar.google.com/&scioq=intitle:prisma%7Cintitle:%22%E4%BC%98%E5%85%88%E6%8A%A5%E5%91%8A%E6%9D%A1%E7%9B%AE%22&hl=en&as_sdt=2007"
1881,"MJ Page, JE McKenzie, PM Bossuyt, I Boutron…","Updating guidance for reporting systematic reviews: development of the PRISMA 2020 statement",2021,"Journal of clinical …","Elsevier","https://www.sciencedirect.com/science/article/pii/S0895435621000408","https://scholar.google.com/scholar?cites=15367804918615098770&as_sdt=2005&sciodt=2007&hl=en",41,"2024-11-27 10:37:00","HTML","","","",,,,,1881,627.00,376,5,3,"… reviews to generate suggested modifications to the PRISMA 2009 statement. We invited 220 … Following the meeting, we drafted the PRISMA 2020 statement and refined it based on …","https://www.sciencedirect.com/science/article/pii/S0895435621000408","https://scholar.google.com/scholar?q=related:ksWNvyZpRdUJ:scholar.google.com/&scioq=intitle:prisma%7Cintitle:%22%E4%BC%98%E5%85%88%E6%8A%A5%E5%91%8A%E6%9D%A1%E7%9B%AE%22&hl=en&as_sdt=2007"
58,"WM Bernardo","PRISMA statement and PROSPERO",2017,"International braz j urol","SciELO Brasil","https://www.scielo.br/j/ibju/a/QC8X9gPMFKpHv7qRKxf8vgw/?lang=en","https://scholar.google.com/scholar?cites=14346581623279052637&as_sdt=2005&sciodt=2007&hl=en",42,"2024-11-27 10:37:00","HTML","","","",,,,,58,8.29,58,1,7,"Independent of who made the first Review in health literature, it is possible to state that the development of the fundamental concepts on Systematic Review and Meta-analysis is …","https://www.scielo.br/j/ibju/a/QC8X9gPMFKpHv7qRKxf8vgw/?lang=en","https://scholar.google.com/scholar?q=related:XeexlPlLGccJ:scholar.google.com/&scioq=intitle:prisma%7Cintitle:%22%E4%BC%98%E5%85%88%E6%8A%A5%E5%91%8A%E6%9D%A1%E7%9B%AE%22&hl=en&as_sdt=2007"
121,"C Sohrabi, T Franchi, G Mathew, A Kerwan…","PRISMA 2020 statement: what's new and the importance of reporting guidelines",2021,"International Journal of …","Elsevier","https://www.sciencedirect.com/science/article/pii/S1743919121000522","https://scholar.google.com/scholar?cites=18127301349970083562&as_sdt=2005&sciodt=2007&hl=en",43,"2024-11-27 10:37:00","HTML","","","",,,,,121,40.33,24,5,3,"… , leading to the publication of the PRISMA-IPD statement in 2015 [39]. … PRISMA 2020 now incorporates an updated version of the 2013 abstract guideline to complement the PRISMA …","https://www.sciencedirect.com/science/article/pii/S1743919121000522","https://scholar.google.com/scholar?q=related:6v5sBYkckfsJ:scholar.google.com/&scioq=intitle:prisma%7Cintitle:%22%E4%BC%98%E5%85%88%E6%8A%A5%E5%91%8A%E6%9D%A1%E7%9B%AE%22&hl=en&as_sdt=2007"
263,"…, N Dubuc, A Tourigny, PRISMA Group","PRISMA: a new model of integrated service delivery for the frail older people in Canada",2003,"… journal of integrated …","ncbi.nlm.nih.gov","https://www.ncbi.nlm.nih.gov/pmc/articles/PMC1483944/","https://scholar.google.com/scholar?cites=15440408708965880669&as_sdt=2005&sciodt=2007&hl=en",44,"2024-11-27 10:37:00","HTML","","","",,,,,263,12.52,66,4,21,"… This article will describe in more detail the integrated care mechanisms and tools developed and implemented by PRISMA. The mechanisms refer to (1) co-ordination between …","https://www.ncbi.nlm.nih.gov/pmc/articles/PMC1483944/","https://scholar.google.com/scholar?q=related:XVPC_OlZR9YJ:scholar.google.com/&scioq=intitle:prisma%7Cintitle:%22%E4%BC%98%E5%85%88%E6%8A%A5%E5%91%8A%E6%9D%A1%E7%9B%AE%22&hl=en&as_sdt=2007"
520,"L Zorzela, YK Loke, JP Ioannidis, S Golder…","PRISMA harms checklist: improving harms reporting in systematic reviews",2016,"bmj","bmj.com","https://www.bmj.com/content/352/bmj.i157.abstract","https://scholar.google.com/scholar?cites=2960112826688519242&as_sdt=2005&sciodt=2007&hl=en",45,"2024-11-27 10:37:00","","","","",,,,,520,65.00,104,5,8,"… (including the PRISMA statement, PRISMA for abstracts, and PRISMA for … PRISMA harms checklist contains four essential reporting elements to be added to the original PRISMA …","https://www.bmj.com/content/bmj/352/bmj.i157.full.pdf","https://scholar.google.com/scholar?q=related:SrzYue5uFCkJ:scholar.google.com/&scioq=intitle:prisma%7Cintitle:%22%E4%BC%98%E5%85%88%E6%8A%A5%E5%91%8A%E6%9D%A1%E7%9B%AE%22&hl=en&as_sdt=2007"
346,"M Regona, T Yigitcanlar, B Xia, RYM Li","Opportunities and adoption challenges of AI in the construction industry: A PRISMA review",2022,"Journal of open innovation …","mdpi.com","https://www.mdpi.com/2199-8531/8/1/45","https://scholar.google.com/scholar?cites=4100867921516301951&as_sdt=2005&sciodt=2007&hl=en",46,"2024-11-27 10:37:00","HTML","","","",,,,,346,173.00,87,4,2,"Artificial intelligence (AI) is a powerful technology with a range of capabilities, which are beginning to become apparent in all industries nowadays. The increased popularity of AI in the …","https://www.mdpi.com/2199-8531/8/1/45","https://scholar.google.com/scholar?q=related:fw7GtKU16TgJ:scholar.google.com/&scioq=intitle:prisma%7Cintitle:%22%E4%BC%98%E5%85%88%E6%8A%A5%E5%91%8A%E6%9D%A1%E7%9B%AE%22&hl=en&as_sdt=2007"
139,"S Arya, AH Kaji, MA Boermeester","PRISMA reporting guidelines for meta-analyses and systematic reviews",2021,"JAMA surgery","jamanetwork.com","https://jamanetwork.com/journals/jamasurgery/article-abstract/2778468","https://scholar.google.com/scholar?cites=9309252962403366526&as_sdt=2005&sciodt=2007&hl=en",47,"2024-11-27 10:37:00","","","","",,,,,139,46.33,46,3,3,"… -analyses (PRISMA-IPD) and network meta-analysis (PRISMA-NMA). The PRISMA statement is endorsed by a number of journals and health care organizations. Adherence to PRISMA …","https://jamanetwork.com/journals/jamasurgery/fullarticle/2778468","https://scholar.google.com/scholar?q=related:fjZOLD8cMYEJ:scholar.google.com/&scioq=intitle:prisma%7Cintitle:%22%E4%BC%98%E5%85%88%E6%8A%A5%E5%91%8A%E6%9D%A1%E7%9B%AE%22&hl=en&as_sdt=2007"
110,"ML Rethlefsen, MJ Page","PRISMA 2020 and PRISMA-S: common questions on tracking records and the flow diagram",2022,"… of the Medical Library Association: JMLA","ncbi.nlm.nih.gov","https://www.ncbi.nlm.nih.gov/pmc/articles/PMC9014944/","https://scholar.google.com/scholar?cites=17311368852784202590&as_sdt=2005&sciodt=2007&hl=en",48,"2024-11-27 10:37:00","HTML","","","",,,,,110,55.00,55,2,2,"… types: PRISMA 2020, the updated version of the PRISMA (… , 2]; and PRISMA-S, an extension to PRISMA focused solely on … PRISMA 2020 and PRISMA-S include several significant …","https://www.ncbi.nlm.nih.gov/pmc/articles/PMC9014944/","https://scholar.google.com/scholar?q=related:XsP2hUBWPvAJ:scholar.google.com/&scioq=intitle:prisma%7Cintitle:%22%E4%BC%98%E5%85%88%E6%8A%A5%E5%91%8A%E6%9D%A1%E7%9B%AE%22&hl=en&as_sdt=2007"
2095,"TF Galvão, TSA Pansani…","Principais itens para relatar Revisões sistemáticas e Meta-análises: A recomendação PRISMA",2015,"Epidemiologia e serviços …","SciELO Public Health","https://www.scielosp.org/article/ssm/content/raw/?resource_ssm_path=/media/assets/ress/v24n2/2237-9622-ress-24-02-00335.pdf","https://scholar.google.com/scholar?cites=11846655092229282730&as_sdt=2005&sciodt=2007&hl=en",49,"2024-11-27 10:37:00","PDF","","","",,,,,2095,232.78,698,3,9,"… durante a reunião e resumidos no site do PRISMA (http://www.prisma-statement.org/). Apenas … Logo após a reunião, um esboço do checklist PRISMA circulou pelo grupo, incluindo os …","https://www.scielosp.org/article/ssm/content/raw/?resource_ssm_path=/media/assets/ress/v24n2/2237-9622-ress-24-02-00335.pdf","https://scholar.google.com/scholar?q=related:qhvmRArGZ6QJ:scholar.google.com/&scioq=intitle:prisma%7Cintitle:%22%E4%BC%98%E5%85%88%E6%8A%A5%E5%91%8A%E6%9D%A1%E7%9B%AE%22&hl=en&as_sdt=2007"
48,"CP Rodrigo","Las revisiones sistemáticas: declaración PRISMA",2012,"Rev Esp Nutr Comunitaria","renc.es","https://www.renc.es/imagenes/auxiliar/files/nutr_1-2012%20taller%20escritura.pdf","https://scholar.google.com/scholar?cites=8766712637863438574&as_sdt=2005&sciodt=2007&hl=en",50,"2024-11-27 10:37:00","PDF","","","",,,,,48,4.00,48,1,12,"… Además, PRISMA es aplicable a todo tipo de revisiones sistemáticas, no se limita a los metaanálisis de ensayos clínicos. PRISMA se ha concebido como una herramienta …","https://www.renc.es/imagenes/auxiliar/files/nutr_1-2012%20taller%20escritura.pdf","https://scholar.google.com/scholar?q=related:7ijHM7KeqXkJ:scholar.google.com/&scioq=intitle:prisma%7Cintitle:%22%E4%BC%98%E5%85%88%E6%8A%A5%E5%91%8A%E6%9D%A1%E7%9B%AE%22&hl=en&as_sdt=2007"
70,"C Giardino, M Bresciani, F Braga, A Fabbretto…","First evaluation of PRISMA level 1 data for water applications",2020,"Sensors","mdpi.com","https://www.mdpi.com/1424-8220/20/16/4553","https://scholar.google.com/scholar?cites=567863776707711239&as_sdt=2005&sciodt=2007&hl=en",51,"2024-11-27 10:37:00","HTML","","","",,,,,70,17.50,14,5,4,"… PRISMA in the VNIR region. In particular, the TOA radiances obtained from the radiometrically calibrated PRISMA … are included in the analysis to evaluate the match with PRISMA data. …","https://www.mdpi.com/1424-8220/20/16/4553","https://scholar.google.com/scholar?q=related:B5F5oxh14QcJ:scholar.google.com/&scioq=intitle:prisma%7Cintitle:%22%E4%BC%98%E5%85%88%E6%8A%A5%E5%91%8A%E6%9D%A1%E7%9B%AE%22&hl=en&as_sdt=2007"
134,"NR Haddaway, LA McGuinness, CC Pritchard","PRISMA2020: R package and ShinyApp for producing PRISMA 2020 compliant flow diagrams",2021,"","irep.ntu.ac.uk","https://irep.ntu.ac.uk/id/eprint/43397/","https://scholar.google.com/scholar?cites=18290352086358130683&as_sdt=2005&sciodt=2007&hl=en",52,"2024-11-27 10:37:00","","","","",,,,,134,44.67,45,3,3,"You can use this package to produce a flow diagram that conforms to the PRISMA 2020 preprint standards using the PRISMA_flowdiagram() function. The data can be manually entered …","",""
66,"KV Barrios Serna, DM Orozco Núñez…","Nuevas recomendaciones de la versión PRISMA 2020 para revisiones sistemáticas y metaanálisis",2021,"Acta neurológica …","scielo.org.co","http://www.scielo.org.co/scielo.php?pid=S0120-87482021000300105&script=sci_arttext","https://scholar.google.com/scholar?cites=11469609071588131457&as_sdt=2005&sciodt=2007&hl=en",53,"2024-11-27 10:37:00","HTML","","","",,,,,66,22.00,22,3,3,"… A continuación se evidencian los cambios que se han establecido en la guía PRISMA 2020 2 . Para tenerlos en cuenta en nuestra revista acta neurológica. … PRISMA destaca por ser …","http://www.scielo.org.co/scielo.php?pid=S0120-87482021000300105&script=sci_arttext","https://scholar.google.com/scholar?q=related:gcKbmK48LJ8J:scholar.google.com/&scioq=intitle:prisma%7Cintitle:%22%E4%BC%98%E5%85%88%E6%8A%A5%E5%91%8A%E6%9D%A1%E7%9B%AE%22&hl=en&as_sdt=2007"
136,"B Peixoto, R Pinto, M Melo, L Cabral, M Bessa","Immersive virtual reality for foreign language education: A PRISMA systematic review",2021,"IEEE Access","ieeexplore.ieee.org","https://ieeexplore.ieee.org/abstract/document/9386131/","https://scholar.google.com/scholar?cites=4303366841386747966&as_sdt=2005&sciodt=2007&hl=en",54,"2024-11-27 10:37:00","","","","",,,,,136,45.33,27,5,3,"Immersion is a proven method of learning a foreign language and using Virtual Reality to achieve that immersion has high potential educational benefits. However, there are no recent …","https://ieeexplore.ieee.org/iel7/6287639/9312710/09386131.pdf","https://scholar.google.com/scholar?q=related:PkgNj1ehuDsJ:scholar.google.com/&scioq=intitle:prisma%7Cintitle:%22%E4%BC%98%E5%85%88%E6%8A%A5%E5%91%8A%E6%9D%A1%E7%9B%AE%22&hl=en&as_sdt=2007"
288,"J McGowan, S Straus, D Moher, EV Langlois…","Reporting scoping reviews—PRISMA ScR extension",2020,"Journal of clinical …","jclinepi.com","https://www.jclinepi.com/article/S0895-4356(20)30163-3/abstract","https://scholar.google.com/scholar?cites=3394673243685883719&as_sdt=2005&sciodt=2007&hl=en",55,"2024-11-27 10:37:00","","","","",,,,,288,72.00,58,5,4,"… to the PRISMA statement, it will be important for the guidance contained in each of the PRISMA extensions to be revised accordingly. This is something the authors of PRISMA-ScR will …","https://www.academia.edu/download/63099162/Editorial_JCE_1-s2.0-S0895435620301633-main20200426-54367-15mq70y.pdf","https://scholar.google.com/scholar?q=related:R49rUlRNHC8J:scholar.google.com/&scioq=intitle:prisma%7Cintitle:%22%E4%BC%98%E5%85%88%E6%8A%A5%E5%91%8A%E6%9D%A1%E7%9B%AE%22&hl=en&as_sdt=2007"
168,"G Urrútia, X Bonfill","La declaración PRISMA: un paso adelante en la mejora de las publicaciones de la Revista Española de Salud Pública",2013,"Revista española de salud pública","SciELO Espana","https://scielo.isciii.es/scielo.php?pid=S1135-57272013000200001&script=sci_arttext","https://scholar.google.com/scholar?cites=146371407318256164&as_sdt=2005&sciodt=2007&hl=en",56,"2024-11-27 10:37:00","HTML","","","",,,,,168,15.27,84,2,11,"… Por suerte, las directrices PRISMA constituyen una guía clara y útil para esta importante … traducción y explicación de PRISMA al español 8 . La declaración PRISMA ha sido apoyada …","https://scielo.isciii.es/scielo.php?pid=S1135-57272013000200001&script=sci_arttext","https://scholar.google.com/scholar?q=related:JIp6-gQECAIJ:scholar.google.com/&scioq=intitle:prisma%7Cintitle:%22%E4%BC%98%E5%85%88%E6%8A%A5%E5%91%8A%E6%9D%A1%E7%9B%AE%22&hl=en&as_sdt=2007"
39,"MM Albhirat, A Rashid, R Rasheed, S Rasool…","The PRISMA statement in enviropreneurship study: a systematic literature and a research agenda",2024,"Cleaner Engineering …","Elsevier","https://www.sciencedirect.com/science/article/pii/S2666790824000016","https://scholar.google.com/scholar?cites=6329270047956705043&as_sdt=2005&sciodt=2007&hl=en",57,"2024-11-27 10:37:00","HTML","","","",,,,,39,39.00,8,5,1,"… term “enviropreneurship” and applying PRISMA guidelines for transparency and methodological … To address this, the widespread adoption of PRISMA principles adapted to the specific …","https://www.sciencedirect.com/science/article/pii/S2666790824000016","https://scholar.google.com/scholar?q=related:E5_6H5MV1lcJ:scholar.google.com/&scioq=intitle:prisma%7Cintitle:%22%E4%BC%98%E5%85%88%E6%8A%A5%E5%91%8A%E6%9D%A1%E7%9B%AE%22&hl=en&as_sdt=2007"
7230,"MJ Page, D Moher, PM Bossuyt, I Boutron…","PRISMA 2020 explanation and elaboration: updated guidance and exemplars for reporting systematic reviews",2021,"bmj","bmj.com","https://www.bmj.com/content/372/bmj.n160.short","https://scholar.google.com/scholar?cites=5690463728863156963&as_sdt=2005&sciodt=2007&hl=en",58,"2024-11-27 10:37:00","","","","",,,,,7230,2410.00,1446,5,3,"… -Analyses (PRISMA) statement published in 2009 (hereafter referred to as PRISMA 2009)1-12 … We have updated the PRISMA 2009 statement (to PRISMA 2020) to ensure currency and …","https://www.bmj.com/content/bmj/372/bmj.n160.full.pdf","https://scholar.google.com/scholar?q=related:4xoirpyW-E4J:scholar.google.com/&scioq=intitle:prisma%7Cintitle:%22%E4%BC%98%E5%85%88%E6%8A%A5%E5%91%8A%E6%9D%A1%E7%9B%AE%22&hl=en&as_sdt=2007"
7,"MA Blegen","Prisma",2010,"Nursing research","journals.lww.com","https://journals.lww.com/nursingresearchonline/fulltext/2010/07000/Prisma.1.aspx","https://scholar.google.com/scholar?cites=9985289242051617810&as_sdt=2005&sciodt=2007&hl=en",59,"2024-11-27 10:37:00","","","","",,,,,7,0.50,7,1,14,"The PRISMA group emphasized the assessment of bias in the systematic review itself as well as in each individual study included in the review. Risk of bias originates in the clinical and …","https://journals.lww.com/nursingresearchonline/_layouts/15/oaks.journals/downloadpdf.aspx?an=00006199-201007000-00001","https://scholar.google.com/scholar?q=related:EiQETKnfkooJ:scholar.google.com/&scioq=intitle:prisma%7Cintitle:%22%E4%BC%98%E5%85%88%E6%8A%A5%E5%91%8A%E6%9D%A1%E7%9B%AE%22&hl=en&as_sdt=2007"
149,"PS Fleming, J Seehra…","A PRISMA assessment of the reporting quality of systematic reviews in orthodontics",2013,"The Angle …","meridian.allenpress.com","https://meridian.allenpress.com/angle-orthodontist/article-abstract/83/1/158/58925","https://scholar.google.com/scholar?cites=13024791206931846261&as_sdt=2005&sciodt=2007&hl=en",60,"2024-11-27 10:37:00","","","","",,,,,149,13.55,50,3,11,"… The mean overall PRISMA score was 64.1% (95% confidence interval [CI], 62%–65%). The … the PRISMA score. The association between AMSTAR score and modified PRISMA score …","https://meridian.allenpress.com/angle-orthodontist/article-pdf/83/1/158/1413444/032612-251_1.pdf","https://scholar.google.com/scholar?q=related:ddTNKphawbQJ:scholar.google.com/&scioq=intitle:prisma%7Cintitle:%22%E4%BC%98%E5%85%88%E6%8A%A5%E5%91%8A%E6%9D%A1%E7%9B%AE%22&hl=en&as_sdt=2007"
217,"S D'Amico, JS Ardaens, R Larsson","Spaceborne autonomous formation-flying experiment on the PRISMA mission",2012,"Journal of Guidance, Control, and …","arc.aiaa.org","https://arc.aiaa.org/doi/abs/10.2514/1.55638","https://scholar.google.com/scholar?cites=11580271364322317720&as_sdt=2005&sciodt=2007&hl=en",61,"2024-11-27 10:37:00","","10.2514/1.55638","","",,,,,217,18.08,72,3,12,"The Prototype Research Instruments and Space Mission Technology Advancement (PRISMA) represents the first European technology demonstration of formation-flying and on-orbit-…","https://arc.aiaa.org/doi/pdf/10.2514/1.55638","https://scholar.google.com/scholar?q=related:mFUPcXNjtaAJ:scholar.google.com/&scioq=intitle:prisma%7Cintitle:%22%E4%BC%98%E5%85%88%E6%8A%A5%E5%91%8A%E6%9D%A1%E7%9B%AE%22&hl=en&as_sdt=2007"
33,"B Hutton, D Moher, C Cameron","The PRISMA extension statement",2015,"Annals of Internal Medicine","acpjournals.org","https://www.acpjournals.org/doi/abs/10.7326/l15-5144-2","https://scholar.google.com/scholar?cites=3656960596788175169&as_sdt=2005&sciodt=2007&hl=en",62,"2024-11-27 10:37:00","","10.7326/l15-5144-2","","",,,,,33,3.67,11,3,9,"… The PRISMA statement's explanation and elaboration article … This practice is addressed in item 8 in the PRISMA explanation and … from the PRISMA statement remains highly relevant. …","https://www.acpjournals.org/doi/pdf/10.7326/L15-5144-2","https://scholar.google.com/scholar?q=related:QeEokUkiwDIJ:scholar.google.com/&scioq=intitle:prisma%7Cintitle:%22%E4%BC%98%E5%85%88%E6%8A%A5%E5%91%8A%E6%9D%A1%E7%9B%AE%22&hl=en&as_sdt=2007"
49,"E Lopinto, C Ananasso","The Prisma hyperspectral mission",2020,"Proceedings of the 33rd EARSeL Symposium …","ugpti.org","https://www.ugpti.org/smartse/research/citations/downloads/Lopinto-Prisma_Hyperspectral_Mission-2013.pdf","https://scholar.google.com/scholar?cites=16167980809907067809&as_sdt=2005&sciodt=2007&hl=en",63,"2024-11-27 10:37:00","PDF","","","",,,,,49,12.25,25,2,4,"The aim of the paper is to provide an overview of the PRISMA (PRecursore IperSpettrale della Missione Applicativa) mission and the related scientific foreseen applications. The …","https://www.ugpti.org/smartse/research/citations/downloads/Lopinto-Prisma_Hyperspectral_Mission-2013.pdf","https://scholar.google.com/scholar?q=related:odvXjeI0YOAJ:scholar.google.com/&scioq=intitle:prisma%7Cintitle:%22%E4%BC%98%E5%85%88%E6%8A%A5%E5%91%8A%E6%9D%A1%E7%9B%AE%22&hl=en&as_sdt=2007"
185,"D Moher, A Liberati, J Tetzlaff…","Bevorzugte report items für systematische übersichten und meta-analysen: das PRISMA-statement",2011,"DMW-Deutsche …","thieme-connect.com","https://www.thieme-connect.com/products/ejournals/html/10.1055/s-0031-1272978","https://scholar.google.com/scholar?cites=9764774852076732174&as_sdt=2005&sciodt=2007&hl=en",64,"2024-11-27 10:37:00","HTML","10.1055/s-0031-1272978","","",,,,,185,14.23,46,4,13,"… In this article, we provide a German translation of the PRISMA Statement. … die das PRISMA-Statement unterstützen, auf PRISMA zu verweisen und die Webseite des PRISMA-Statements …","https://www.thieme-connect.com/products/ejournals/html/10.1055/s-0031-1272978","https://scholar.google.com/scholar?q=related:Dn-z8f1yg4cJ:scholar.google.com/&scioq=intitle:prisma%7Cintitle:%22%E4%BC%98%E5%85%88%E6%8A%A5%E5%91%8A%E6%9D%A1%E7%9B%AE%22&hl=en&as_sdt=2007"
75,"M Marshall, M Belgiu, M Boschetti, M Pepe…","Field-level crop yield estimation with PRISMA and Sentinel-2",2022,"ISPRS journal of …","Elsevier","https://www.sciencedirect.com/science/article/pii/S0924271622000739","https://scholar.google.com/scholar?cites=14237450922661287653&as_sdt=2005&sciodt=2007&hl=en",65,"2024-11-27 10:37:00","HTML","","","",,,,,75,37.50,15,5,2,"… We compared the performance of PRISMA and Sentinel-2 spectral bands at important phases of … The PRISMA and Sentinel-2 models on average explained approximately 20% more …","https://www.sciencedirect.com/science/article/pii/S0924271622000739","https://scholar.google.com/scholar?q=related:5ZZIUC6WlcUJ:scholar.google.com/&scioq=intitle:prisma%7Cintitle:%22%E4%BC%98%E5%85%88%E6%8A%A5%E5%91%8A%E6%9D%A1%E7%9B%AE%22&hl=en&as_sdt=2007"
764,"K Knobloch, U Yoon, PM Vogt","Preferred reporting items for systematic reviews and meta-analyses (PRISMA) statement and publication bias",2011,"Journal of Cranio-Maxillofacial Surgery","Elsevier","https://www.sciencedirect.com/science/article/pii/S1010518210002180","https://scholar.google.com/scholar?cites=10550421765073261453&as_sdt=2005&sciodt=2007&hl=en",66,"2024-11-27 10:37:00","HTML","","","",,,,,764,58.77,255,3,13,"Publication bias is a major problem in evidence based medicine. As well as positive outcome studies being preferentially published or followed by full text publication authors are also …","https://www.sciencedirect.com/science/article/pii/S1010518210002180","https://scholar.google.com/scholar?q=related:jdO9YbKgapIJ:scholar.google.com/&scioq=intitle:prisma%7Cintitle:%22%E4%BC%98%E5%85%88%E6%8A%A5%E5%91%8A%E6%9D%A1%E7%9B%AE%22&hl=en&as_sdt=2007"
81,"A Ciapponi","La declaración PRISMA 2020: una guía actualizada para reportar revisiones sistemáticas",2021,"Evidencia, actualizacion en la práctica ambulatoria","evidencia.org","https://evidencia.org/index.php/Evidencia/article/view/6960","https://scholar.google.com/scholar?cites=8372745348444334171&as_sdt=2005&sciodt=2007&hl=en",67,"2024-11-27 10:37:00","HTML","","","",,,,,81,27.00,81,1,3,"… sistemáticas y metaanálisis (PRISMA, por sus iniciales en … La declaración PRISMA 2020 reemplaza la declaración de … y presenta la lista de verificación PRISMA 2020 (de 27 elementos)…","https://evidencia.org/index.php/Evidencia/article/view/6960","https://scholar.google.com/scholar?q=related:WyjUoIj3MXQJ:scholar.google.com/&scioq=intitle:prisma%7Cintitle:%22%E4%BC%98%E5%85%88%E6%8A%A5%E5%91%8A%E6%9D%A1%E7%9B%AE%22&hl=en&as_sdt=2007"
85,"J Frank","Pelo prisma russo: ensaios sobre literatura e cultura",1992,"","Edusp","","https://scholar.google.com/scholar?cites=16582952391945675146&as_sdt=2005&sciodt=2007&hl=en",68,"2024-11-27 10:37:00","CITATION","","","",,,,,85,2.66,85,1,32,"","","https://scholar.google.com/scholar?q=related:iuEiGVd7IuYJ:scholar.google.com/&scioq=intitle:prisma%7Cintitle:%22%E4%BC%98%E5%85%88%E6%8A%A5%E5%91%8A%E6%9D%A1%E7%9B%AE%22&hl=en&as_sdt=2007"
223,"A Frigerio, P Rucci, R Goodman, M Ammaniti…","Prevalence and correlates of mental disorders among adolescents in Italy: the PrISMA study",2009,"European child & …","Springer","https://link.springer.com/article/10.1007/s00787-008-0720-x","https://scholar.google.com/scholar?cites=7468003933930893475&as_sdt=2005&sciodt=2007&hl=en",69,"2024-11-27 10:37:00","HTML","10.1007/s00787-008-0720-x","","",,,,,223,14.87,45,5,15,"Background While in the last 5 years several studies have been conducted in Italy on the prevalence of mental disorders in adults, to date no epidemiological study has been targeted …","https://link.springer.com/article/10.1007/s00787-008-0720-x","https://scholar.google.com/scholar?q=related:o7ArvwKuo2cJ:scholar.google.com/&scioq=intitle:prisma%7Cintitle:%22%E4%BC%98%E5%85%88%E6%8A%A5%E5%91%8A%E6%9D%A1%E7%9B%AE%22&hl=en&as_sdt=2007"
276,"…, N Dubuc, M Tousignant, Prisma Group","Impact of PRISMA, a coordination-type integrated service delivery system for frail older people in Quebec (Canada): A quasi-experimental study",2010,"… Sciences and Social …","academic.oup.com","https://academic.oup.com/psychsocgerontology/article-abstract/65B/1/107/542694","https://scholar.google.com/scholar?cites=15549375244628836784&as_sdt=2005&sciodt=2007&hl=en",70,"2024-11-27 10:37:00","","","","",,,,,276,19.71,69,4,14,"… Program of Research to Integrate Services for the Maintenance of Autonomy (PRISMA) is a … The PRISMA model improves the efficacy of the health care system for frail older people. …","https://academic.oup.com/psychsocgerontology/article/65B/1/107/542694","https://scholar.google.com/scholar?q=related:sMFan2Z6ytcJ:scholar.google.com/&scioq=intitle:prisma%7Cintitle:%22%E4%BC%98%E5%85%88%E6%8A%A5%E5%91%8A%E6%9D%A1%E7%9B%AE%22&hl=en&as_sdt=2007"
358,"E Stovold, D Beecher, R Foxlee, A Noel-Storr","Study flow diagrams in Cochrane systematic review updates: an adapted PRISMA flow diagram",2014,"Systematic reviews","Springer","https://link.springer.com/article/10.1186/2046-4053-3-54","https://scholar.google.com/scholar?cites=9356177769445329182&as_sdt=2005&sciodt=2007&hl=en",71,"2024-11-27 10:37:00","HTML","10.1186/2046-4053-3-54","","",,,,,358,35.80,90,4,10,"… There is a lack of guidance on how to report the flow of studies in PRISMA diagrams for review updates. Our adapted PRISMA diagram is a simple and pragmatic solution for showing …","https://link.springer.com/article/10.1186/2046-4053-3-54","https://scholar.google.com/scholar?q=related:HgkyMxzS14EJ:scholar.google.com/&scioq=intitle:prisma%7Cintitle:%22%E4%BC%98%E5%85%88%E6%8A%A5%E5%91%8A%E6%9D%A1%E7%9B%AE%22&hl=en&as_sdt=2007"
326,"M Raîche, R Hébert, MF Dubois","PRISMA-7: a case-finding tool to identify older adults with moderate to severe disabilities",2008,"Archives of gerontology and geriatrics","Elsevier","https://www.sciencedirect.com/science/article/pii/S0167494307001409","https://scholar.google.com/scholar?cites=2064192056502715930&as_sdt=2005&sciodt=2007&hl=en",72,"2024-11-27 10:37:00","HTML","","","",,,,,326,20.38,109,3,16,"Many comprehensive rating scales have been developed to assess disabilities. These assessments, which require significant amounts of time, are usually performed by trained …","https://www.sciencedirect.com/science/article/pii/S0167494307001409","https://scholar.google.com/scholar?q=related:GgYHJL17pRwJ:scholar.google.com/&scioq=intitle:prisma%7Cintitle:%22%E4%BC%98%E5%85%88%E6%8A%A5%E5%91%8A%E6%9D%A1%E7%9B%AE%22&hl=en&as_sdt=2007"
97,"S Persson, P Bodin, E Gill, J Harr, J Jörgensen","PRISMA-an autonomous formation flying mission",2006,"","elib.dlr.de","https://elib.dlr.de/46839/","https://scholar.google.com/scholar?cites=7759459137106108706&as_sdt=2005&sciodt=2007&hl=en",73,"2024-11-27 10:37:00","","","","",,,,,97,5.39,19,5,18,"PRISMA is an ongoing satellite project comprising two satellites. The project constitutes an in-orbit test bed for Guidance, Navigation and Control (GNC) algorithms and sensors for …","https://elib.dlr.de/46839/1/ESA4S_06_10a.pdf","https://scholar.google.com/scholar?q=related:ImFeTPkir2sJ:scholar.google.com/&scioq=intitle:prisma%7Cintitle:%22%E4%BC%98%E5%85%88%E6%8A%A5%E5%91%8A%E6%9D%A1%E7%9B%AE%22&hl=en&as_sdt=2007"
1920,"LA Stewart, M Clarke, M Rovers, RD Riley…","Preferred reporting items for a systematic review and meta-analysis of individual participant data: the PRISMA-IPD statement",2015,"Jama","jamanetwork.com","https://jamanetwork.com/journals/jama/article-abstract/2279718","https://scholar.google.com/scholar?cites=10966355852210310520&as_sdt=2005&sciodt=2007&hl=en",74,"2024-11-27 10:37:00","","","","",,,,,1920,213.33,384,5,9,"… the PRISMA-IPD checklist and flow diagram by consensus. Findings Compared with standard PRISMA, the PRISMA-… by reorganization of standard PRISMA items relating to interpreting …","https://jamanetwork.com/journals/jama/articlepdf/2279718/jsc150002.pdf","https://scholar.google.com/scholar?q=related:eI2Fm4tSMJgJ:scholar.google.com/&scioq=intitle:prisma%7Cintitle:%22%E4%BC%98%E5%85%88%E6%8A%A5%E5%91%8A%E6%9D%A1%E7%9B%AE%22&hl=en&as_sdt=2007"
12568,"L Shamseer, D Moher, M Clarke, D Ghersi, A Liberati…","Preferred reporting items for systematic review and meta-analysis protocols (PRISMA-P) 2015: elaboration and explanation",2015,"Bmj","bmj.com","https://www.bmj.com/content/349/bmj.G7647.abstract","https://scholar.google.com/scholar?cites=12815720499468935333&as_sdt=2005&sciodt=2007&hl=en",75,"2024-11-27 10:37:00","","","","",,,,,12568,1396.44,2095,6,9,"… All related guidance documents have undergone iterative revision within the PRISMA-P Group listed at the end of this document; members of the PRISMA-P Group contributed to the …","https://www.bmj.com/content/bmj/349/bmj.g7647.full.pdf","https://scholar.google.com/scholar?q=related:paCJx-SV2rEJ:scholar.google.com/&scioq=intitle:prisma%7Cintitle:%22%E4%BC%98%E5%85%88%E6%8A%A5%E5%91%8A%E6%9D%A1%E7%9B%AE%22&hl=en&as_sdt=2007"
236,"G Urrútia, JJ Yepes-Nuñez…","The PRISMA 2020 statement:: an updated guideline for reporting systematic reviews Declaración PRISMA 2020: una guía actualizada para la publicación de …",2021,"Revista espanola …","portalrecerca.uab.cat","https://portalrecerca.uab.cat/en/publications/the-prisma-2020-statement-an-updated-guideline-for-reporting-syst","https://scholar.google.com/scholar?cites=7167361102495243181&as_sdt=2005&sciodt=2007&hl=en",76,"2024-11-27 10:37:00","","","","",,,,,236,78.67,79,3,3,"… The PRISMA 2020 statement replaces the 2009 statement … the PRISMA 2020 27-item checklist, an expanded checklist that details reporting recommendations for each item, the PRISMA …","https://scholar.google.com/scholar?output=instlink&q=info:rVsuy_KUd2MJ:scholar.google.com/&hl=en&as_sdt=2007&scillfp=13968444465089551481&oi=lle","https://scholar.google.com/scholar?q=related:rVsuy_KUd2MJ:scholar.google.com/&scioq=intitle:prisma%7Cintitle:%22%E4%BC%98%E5%85%88%E6%8A%A5%E5%91%8A%E6%9D%A1%E7%9B%AE%22&hl=en&as_sdt=2007"
117,"S Beghini, L Corradi, E Fioretto, A Gadea…","The focal plane detector of the magnetic spectrometer PRISMA",2005,"Nuclear Instruments and …","Elsevier","https://www.sciencedirect.com/science/article/pii/S0168900205013501","https://scholar.google.com/scholar?cites=8274813174294223246&as_sdt=2005&sciodt=2007&hl=en",77,"2024-11-27 10:37:00","HTML","","","",,,,,117,6.16,23,5,19,"The characteristics and performance of the focal plane detector system developed for the magnetic spectrometer PRISMA are presented. It is composed of a multi-wire parallel plate …","https://www.sciencedirect.com/science/article/pii/S0168900205013501","https://scholar.google.com/scholar?q=related:jpmHfL0K1nIJ:scholar.google.com/&scioq=intitle:prisma%7Cintitle:%22%E4%BC%98%E5%85%88%E6%8A%A5%E5%91%8A%E6%9D%A1%E7%9B%AE%22&hl=en&as_sdt=2007"
1089,"MJ Page, JE McKenzie, PM Bossuyt…","The PRISMA 2020 statement: an updated guideline for reporting systematic reviewsDeclaracion PRISMA 2020: una guia actualizada para la publicacion de …",2022,"… de Salud Publica …","europepmc.org","https://europepmc.org/article/pmc/9798848","https://scholar.google.com/scholar?cites=12476553629065482128&as_sdt=2005&sciodt=2007&hl=en",78,"2024-11-27 10:37:00","","","","",,,,,1089,544.50,272,4,2,"… A declaração PRISMA 2020 … PRISMA 2020 de 27 itens, uma lista de checagem expandida que detalha as recomendações para relato para cada item, a lista de checagem PRISMA …","https://scholar.google.com/scholar?output=instlink&q=info:kA-PCWyfJa0J:scholar.google.com/&hl=en&as_sdt=2007&scillfp=14722057022299458166&oi=lle","https://scholar.google.com/scholar?q=related:kA-PCWyfJa0J:scholar.google.com/&scioq=intitle:prisma%7Cintitle:%22%E4%BC%98%E5%85%88%E6%8A%A5%E5%91%8A%E6%9D%A1%E7%9B%AE%22&hl=en&as_sdt=2007"
376,"M Abelha, S Fernandes, D Mesquita, F Seabra…","Graduate employability and competence development in higher education—A systematic literature review using PRISMA",2020,"Sustainability","mdpi.com","https://www.mdpi.com/2071-1050/12/15/5900","https://scholar.google.com/scholar?cites=8104392841263724300&as_sdt=2005&sciodt=2007&hl=en",79,"2024-11-27 10:37:00","HTML","","","",,,,,376,94.00,75,5,4,"This paper aims to develop a systematic review on graduate employability and competence development, intending to present an international perspective on the matter. It analyses the …","https://www.mdpi.com/2071-1050/12/15/5900","https://scholar.google.com/scholar?q=related:DDe-p1mWeHAJ:scholar.google.com/&scioq=intitle:prisma%7Cintitle:%22%E4%BC%98%E5%85%88%E6%8A%A5%E5%91%8A%E6%9D%A1%E7%9B%AE%22&hl=en&as_sdt=2007"
125,"D Moher, A Liberati, J Tetzlaff, DG Altman, TP Group","Linee guida per il reporting di revisioni sistematiche e meta-analisi: il PRISMA Statement",2009,"PLoS Med","marcomarchetti.it","https://marcomarchetti.it/wp-content/uploads/2022/10/PRISMA-Italian-Statement.pdf","https://scholar.google.com/scholar?cites=15696535379657966922&as_sdt=2005&sciodt=2007&hl=en",80,"2024-11-27 10:37:00","PDF","","","",,,,,125,8.33,25,5,15,"… Anche se il focus del PRISMA è rappresentato dalle revisioni … se il PRISMA Statement può essere utile per l’analisi critica di revisioni sistematiche pubblicate, la checklist PRISMA non …","https://marcomarchetti.it/wp-content/uploads/2022/10/PRISMA-Italian-Statement.pdf","https://scholar.google.com/scholar?q=related:SkXdlMNL1dkJ:scholar.google.com/&scioq=intitle:prisma%7Cintitle:%22%E4%BC%98%E5%85%88%E6%8A%A5%E5%91%8A%E6%9D%A1%E7%9B%AE%22&hl=en&as_sdt=2007"
116,"J González de Dios…","Listas guía de comprobación de revisiones sistemáticas y metaanálisis: declaración PRISMA",2011,"Evid …","archivos.evidenciasenpediatria.es","https://archivos.evidenciasenpediatria.es/DetalleArticulo/_LLP3k9qgzIh7aNQBiadwmQH1vtdJ7DW4Na2i472Rz8-4L4-0IUwCS0hea82EwEC2rZQxQShaMXiS8qVw1cRm8w","https://scholar.google.com/scholar?cites=15805463086033067354&as_sdt=2005&sciodt=2007&hl=en",81,"2024-11-27 10:37:00","HTML","","","",,,,,116,8.92,58,2,13,"… La declaración PRISMA es una lista de comprobación con 27 puntos (frente a … PRISMA se convierte así en un avance significativo: a diferencia de QUOROM, la declaración PRISMA …","https://archivos.evidenciasenpediatria.es/DetalleArticulo/_LLP3k9qgzIh7aNQBiadwmQH1vtdJ7DW4Na2i472Rz8-4L4-0IUwCS0hea82EwEC2rZQxQShaMXiS8qVw1cRm8w","https://scholar.google.com/scholar?q=related:Wt2Mke9IWNsJ:scholar.google.com/&scioq=intitle:prisma%7Cintitle:%22%E4%BC%98%E5%85%88%E6%8A%A5%E5%91%8A%E6%9D%A1%E7%9B%AE%22&hl=en&as_sdt=2007"
91,"S Persson, S Veldman, P Bodin","PRISMA—A formation flying project in implementation phase",2009,"Acta Astronautica","Elsevier","https://www.sciencedirect.com/science/article/pii/S0094576509001854","https://scholar.google.com/scholar?cites=7671669865246018968&as_sdt=2005&sciodt=2007&hl=en",82,"2024-11-27 10:37:00","HTML","","","",,,,,91,6.07,30,3,15,"The PRISMA project for autonomous formation flying and rendezvous has passed its critical design review in February–March 2007. The project comprises two satellites which are an in-…","https://www.sciencedirect.com/science/article/pii/S0094576509001854","https://scholar.google.com/scholar?q=related:mM0OoBg_d2oJ:scholar.google.com/&scioq=intitle:prisma%7Cintitle:%22%E4%BC%98%E5%85%88%E6%8A%A5%E5%91%8A%E6%9D%A1%E7%9B%AE%22&hl=en&as_sdt=2007"
44,"AD Samala, T Usmeldi, T Taali, A Ambiyar…","Metaverse technologies in education: A systematic literature review using prisma.",2023,"Int. J. Emerg. Technol …","academia.edu","https://www.academia.edu/download/103025252/12801.pdf","https://scholar.google.com/scholar?cites=5839157582222365410&as_sdt=2005&sciodt=2007&hl=en",83,"2024-11-27 10:37:00","PDF","","","",,,,,44,44.00,9,5,1,"Metaverse technology is emerging as a global trend, offering virtual activities with real-world experiences. This paper presents a systematic review of research trends from 2012–2022 to …","https://www.academia.edu/download/103025252/12801.pdf","https://scholar.google.com/scholar?q=related:4pLkQ-LaCFEJ:scholar.google.com/&scioq=intitle:prisma%7Cintitle:%22%E4%BC%98%E5%85%88%E6%8A%A5%E5%91%8A%E6%9D%A1%E7%9B%AE%22&hl=en&as_sdt=2007"
888,"N Panic, E Leoncini, G de Belvis, W Ricciardi, S Boccia","Evaluation of the endorsement of the preferred reporting items for systematic reviews and meta-analysis (PRISMA) statement on the quality of published …",2013,"PloS one","journals.plos.org","https://journals.plos.org/plosone/article?id=10.1371/journal.pone.0083138","https://scholar.google.com/scholar?cites=4430312825284566368&as_sdt=2005&sciodt=2007&hl=en",84,"2024-11-27 10:37:00","HTML","","","",,,,,888,80.73,178,5,11,"Introduction PRISMA statement was published in 2009 in order to set standards in the reporting of systematic reviews and meta-analyses. Our aim was to evaluate the impact of PRISMA …","https://journals.plos.org/plosone/article?id=10.1371/journal.pone.0083138","https://scholar.google.com/scholar?q=related:YJ3xsgqiez0J:scholar.google.com/&scioq=intitle:prisma%7Cintitle:%22%E4%BC%98%E5%85%88%E6%8A%A5%E5%91%8A%E6%9D%A1%E7%9B%AE%22&hl=en&as_sdt=2007"
47,"R Guarini, R Loizzo, C Facchinetti…","PRISMA hyperspectral mission products",2018,"IGARSS 2018-2018 …","ieeexplore.ieee.org","https://ieeexplore.ieee.org/abstract/document/8517785/","https://scholar.google.com/scholar?cites=17480052700533025138&as_sdt=2005&sciodt=2007&hl=en",85,"2024-11-27 10:37:00","","","","",,,,,47,7.83,12,4,6,"… This paper defines the detailed PRISMA product types, specifying the content and process … into Level 2b and 2c PRISMA products. The Level 2c PRISMA product, in addition to the …","https://ieeexplore.ieee.org/iel7/8496405/8517275/08517785.pdf","https://scholar.google.com/scholar?q=related:culgXlGflfIJ:scholar.google.com/&scioq=intitle:prisma%7Cintitle:%22%E4%BC%98%E5%85%88%E6%8A%A5%E5%91%8A%E6%9D%A1%E7%9B%AE%22&hl=en&as_sdt=2007"
2430,"MDF McInnes, D Moher, BD Thombs, TA McGrath…","Preferred reporting items for a systematic review and meta-analysis of diagnostic test accuracy studies: the PRISMA-DTA statement",2018,"Jama","jamanetwork.com","https://jamanetwork.com/journals/jama/article-abstract/2670259","https://scholar.google.com/scholar?cites=5616175526521924610&as_sdt=2005&sciodt=2007&hl=en",86,"2024-11-27 10:37:00","","","","",,,,,2430,405.00,486,5,6,"… We aimed to develop the PRISMA diagnostic test accuracy guideline as a stand-alone extension of the PRISMA statement, modified to reflect the particular requirements for the …","https://jamanetwork.com/journals/jama/articlepdf/2670259/jama_McInnes_2018_sc_170005.pdf","https://scholar.google.com/scholar?q=related:AuyUtuKp8E0J:scholar.google.com/&scioq=intitle:prisma%7Cintitle:%22%E4%BC%98%E5%85%88%E6%8A%A5%E5%91%8A%E6%9D%A1%E7%9B%AE%22&hl=en&as_sdt=2007"
56,"TTP Cortese, JFS Almeida, GQ Batista, JE Storopoli…","Understanding sustainable energy in the context of smart cities: a PRISMA review",2022,"Energies","mdpi.com","https://www.mdpi.com/1996-1073/15/7/2382","https://scholar.google.com/scholar?cites=10933309370906095968&as_sdt=2005&sciodt=2007&hl=en",87,"2024-11-27 10:37:00","HTML","","","",,,,,56,28.00,11,5,2,"In the context of smart cities, sustainability is an essential dimension. One of the ways to achieve sustainability and reduce the emission of greenhouse gases in smart cities is through …","https://www.mdpi.com/1996-1073/15/7/2382","https://scholar.google.com/scholar?q=related:YLFOGPLqupcJ:scholar.google.com/&scioq=intitle:prisma%7Cintitle:%22%E4%BC%98%E5%85%88%E6%8A%A5%E5%91%8A%E6%9D%A1%E7%9B%AE%22&hl=en&as_sdt=2007"
117,"SS Serrano, IP Navarro…","¿ Cómo hacer una revisión sistemática siguiendo el protocolo PRISMA?: Usos y estrategias fundamentales para su aplicación en el ámbito educativo a través de un …",2022,"Bordón: Revista de …","dialnet.unirioja.es","https://dialnet.unirioja.es/servlet/articulo?codigo=8583045","https://scholar.google.com/scholar?cites=3104104292129683233&as_sdt=2005&sciodt=2007&hl=en",88,"2024-11-27 10:37:00","","","","",,,,,117,58.50,39,3,2,"… el contenido de la declaración PRISMA 2020 y su protocolo, … respuesta a los requerimientos de PRISMA 2020. El objetivo … aplicación del protocolo que establece PRISMA. MÉTODO. A …","https://dialnet.unirioja.es/descarga/articulo/8583045.pdf","https://scholar.google.com/scholar?q=related:IbcnTmj-EysJ:scholar.google.com/&scioq=intitle:prisma%7Cintitle:%22%E4%BC%98%E5%85%88%E6%8A%A5%E5%91%8A%E6%9D%A1%E7%9B%AE%22&hl=en&as_sdt=2007"
76,"D Montanari, E Farnea, S Leoni, G Pollarolo…","Response function of the magnetic spectrometer PRISMA",2011,"The European Physical …","Springer","https://link.springer.com/article/10.1140/epja/i2011-11004-9","https://scholar.google.com/scholar?cites=7971151314574859192&as_sdt=2005&sciodt=2007&hl=en",89,"2024-11-27 10:37:00","","10.1140/epja/i2011-11004-9","","",,,,,76,5.85,15,5,13,"… knowledge of the performances of PRISMA, both in terms of … In this paper we present a study of the response of PRISMA via … in coincidence with PRISMA by the γ array CLARA [4]. …","https://link.springer.com/content/pdf/10.1140/epja/i2011-11004-9.pdf","https://scholar.google.com/scholar?q=related:uFsfPOM3n24J:scholar.google.com/&scioq=intitle:prisma%7Cintitle:%22%E4%BC%98%E5%85%88%E6%8A%A5%E5%91%8A%E6%9D%A1%E7%9B%AE%22&hl=en&as_sdt=2007"
684,"MJ Page, D Moher","Evaluations of the uptake and impact of the Preferred Reporting Items for Systematic reviews and Meta-Analyses (PRISMA) Statement and extensions: a …",2017,"Systematic reviews","Springer","https://link.springer.com/article/10.1186/s13643-017-0663-8","https://scholar.google.com/scholar?cites=14167972484157836478&as_sdt=2005&sciodt=2007&hl=en",90,"2024-11-27 10:37:00","HTML","10.1186/s13643-017-0663-8","","",,,,,684,97.71,342,2,7,"… (eg SR adherence to PRISMA, journal endorsement of PRISMA). One … PRISMA items across all SRs in the included studies and across SRs published after 2009 (the year PRISMA …","https://link.springer.com/article/10.1186/s13643-017-0663-8","https://scholar.google.com/scholar?q=related:voy8wei_nsQJ:scholar.google.com/&scioq=intitle:prisma%7Cintitle:%22%E4%BC%98%E5%85%88%E6%8A%A5%E5%91%8A%E6%9D%A1%E7%9B%AE%22&hl=en&as_sdt=2007"
304,"W Dong, H Goost, XB Lin, C Burger, C Paul, ZL Wang…","Treatments for shoulder impingement syndrome: a PRISMA systematic review and network meta-analysis",2015,"Medicine","journals.lww.com","https://journals.lww.com/md-journal/fulltext/2015/03020/Treatments_for_Shoulder_Impingement_Syndrome__A.1.aspx","https://scholar.google.com/scholar?cites=4356765707018351147&as_sdt=2005&sciodt=2007&hl=en",91,"2024-11-27 10:37:00","HTML","","","",,,,,304,33.78,43,7,9,"… A PRISMA Systematic Review and Network Meta-Analysis … This study was based on the Preferred Reporting Items for Systematic Reviews and Meta-Analyses (PRISMA) …","https://journals.lww.com/md-journal/fulltext/2015/03020/Treatments_for_Shoulder_Impingement_Syndrome__A.1.aspx","https://scholar.google.com/scholar?q=related:K7Ju0FNXdjwJ:scholar.google.com/&scioq=intitle:prisma%7Cintitle:%22%E4%BC%98%E5%85%88%E6%8A%A5%E5%91%8A%E6%9D%A1%E7%9B%AE%22&hl=en&as_sdt=2007"
124,"L Guanter, I Irakulis-Loitxate, J Gorroño…","Mapping methane point emissions with the PRISMA spaceborne imaging spectrometer",2021,"Remote Sensing of …","Elsevier","https://www.sciencedirect.com/science/article/pii/S0034425721003916","https://scholar.google.com/scholar?cites=11847433811155204415&as_sdt=2005&sciodt=2007&hl=en",92,"2024-11-27 10:37:00","HTML","","","",,,,,124,41.33,31,4,3,"… In this work, we evaluate the potential of PRISMA to map … -filter based algorithm applied to PRISMA spectra in the 2300 … of methane plumes with PRISMA, with retrieval precision errors …","https://www.sciencedirect.com/science/article/pii/S0034425721003916","https://scholar.google.com/scholar?q=related:P7nb5UeKaqQJ:scholar.google.com/&scioq=intitle:prisma%7Cintitle:%22%E4%BC%98%E5%85%88%E6%8A%A5%E5%91%8A%E6%9D%A1%E7%9B%AE%22&hl=en&as_sdt=2007"
153,"D Moher, L Shamseer, M Clarke, D Ghersi…","Ítems de referencia para publicar Protocolos de Revisiones Sistemáticas y Metaanálisis: Declaración PRISMA-P 2015",2016,"Revista Española de …","SciELO Espana","https://scielo.isciii.es/scielo.php?pid=S2174-51452016000200010&script=sci_arttext","https://scholar.google.com/scholar?cites=487594508229455808&as_sdt=2005&sciodt=2007&hl=en",93,"2024-11-27 10:37:00","HTML","","","",,,,,153,19.13,31,5,8,"… de PRISMA-P con los de la lista de verificación de PRISMA, lo … de PRISMA-P tienen su equivalente en la lista de PRISMA. … PRISMA no se adecuaban a la elaboración de un protocolo. …","https://scielo.isciii.es/scielo.php?pid=S2174-51452016000200010&script=sci_arttext","https://scholar.google.com/scholar?q=related:wK9yMZ9IxAYJ:scholar.google.com/&scioq=intitle:prisma%7Cintitle:%22%E4%BC%98%E5%85%88%E6%8A%A5%E5%91%8A%E6%9D%A1%E7%9B%AE%22&hl=en&as_sdt=2007"
111,"E Vangi, G D'Amico, S Francini, F Giannetti, B Lasserre…","The new hyperspectral satellite PRISMA: Imagery for forest types discrimination",2021,"Sensors","mdpi.com","https://www.mdpi.com/1424-8220/21/4/1182","https://scholar.google.com/scholar?cites=15206101787943606639&as_sdt=2005&sciodt=2007&hl=en",94,"2024-11-27 10:37:00","HTML","","","",,,,,111,37.00,19,6,3,"… In this study, we compared the capabilities of the new PRISMA sensor against the well-known Sentinel-2 Multi-Spectral Instrument (MSI) in recognition of different forest types through a …","https://www.mdpi.com/1424-8220/21/4/1182","https://scholar.google.com/scholar?q=related:b5nPwALtBtMJ:scholar.google.com/&scioq=intitle:prisma%7Cintitle:%22%E4%BC%98%E5%85%88%E6%8A%A5%E5%91%8A%E6%9D%A1%E7%9B%AE%22&hl=en&as_sdt=2007"
101,"N Nasution, Y Yaswinda, I Maulana","Analisis pembelajaran berhitung melalui media prisma pintar pada anak usia dini",2019,"Jurnal Obsesi: Jurnal …","mail.obsesi.or.id","https://mail.obsesi.or.id/index.php/obsesi/article/view/311","https://scholar.google.com/scholar?cites=1281429760582860723&as_sdt=2005&sciodt=2007&hl=en",95,"2024-11-27 10:37:00","","","","",,,,,101,20.20,34,3,5,"Pembelajaran berhitung yang diberikan pada tingkat anak usia dini masih bersifat non formal, dimana anak belum sepenuhnya diberikan materi berhitung yang sebenarnya tetapi baru …","","https://scholar.google.com/scholar?q=related:s78n9JONyBEJ:scholar.google.com/&scioq=intitle:prisma%7Cintitle:%22%E4%BC%98%E5%85%88%E6%8A%A5%E5%91%8A%E6%9D%A1%E7%9B%AE%22&hl=en&as_sdt=2007"
156,"K Anflo, R Möllerberg","Flight demonstration of new thruster and green propellant technology on the PRISMA satellite",2009,"Acta Astronautica","Elsevier","https://www.sciencedirect.com/science/article/pii/S0094576509001970","https://scholar.google.com/scholar?cites=7932754220598929894&as_sdt=2005&sciodt=2007&hl=en",96,"2024-11-27 10:37:00","HTML","","","",,,,,156,10.40,78,2,15,"… system will be performed on PRISMA. PRISMA is an international technology demonstration … of the HPGP propulsion system for PRISMA. Compatibility issues related to using a new …","https://www.sciencedirect.com/science/article/pii/S0094576509001970","https://scholar.google.com/scholar?q=related:5qlHIe_NFm4J:scholar.google.com/&scioq=intitle:prisma%7Cintitle:%22%E4%BC%98%E5%85%88%E6%8A%A5%E5%91%8A%E6%9D%A1%E7%9B%AE%22&hl=en&as_sdt=2007"
375,"RE O'Dea, M Lagisz, MD Jennions…","Preferred reporting items for systematic reviews and meta‐analyses in ecology and evolutionary biology: a PRISMA extension",2021,"Biological …","Wiley Online Library","https://onlinelibrary.wiley.com/doi/abs/10.1111/brv.12721","https://scholar.google.com/scholar?cites=4658083086918633220&as_sdt=2005&sciodt=2007&hl=en",97,"2024-11-27 10:37:00","","10.1111/brv.12721","","",,,,,375,125.00,94,4,3,"… PRISMA to serve the meta-analysis community in ecology and evolutionary biology: PRISMA… We have designed version 1.0 of a PRISMA extension for ecology and evolutionary biology: …","https://onlinelibrary.wiley.com/doi/pdfdirect/10.1111/brv.12721","https://scholar.google.com/scholar?q=related:BEcKUuPVpEAJ:scholar.google.com/&scioq=intitle:prisma%7Cintitle:%22%E4%BC%98%E5%85%88%E6%8A%A5%E5%91%8A%E6%9D%A1%E7%9B%AE%22&hl=en&as_sdt=2007"
15,"S Galletta, S Mazzù, V Naciti, A Paltrinieri","A PRISMA systematic review of greenwashing in the banking industry: A call for action",2024,"Research in International …","Elsevier","https://www.sciencedirect.com/science/article/pii/S0275531924000540","https://scholar.google.com/scholar?cites=7935614748149460839&as_sdt=2005&sciodt=2007&hl=en",98,"2024-11-27 10:37:00","HTML","","","",,,,,15,15.00,4,4,1,"… The PRISMA model is widespread not only in evidence-based … Our PRISMA flow diagram is based on a four-step sequence. … Coherent with the PRISMA checklist, we considered the …","https://www.sciencedirect.com/science/article/pii/S0275531924000540","https://scholar.google.com/scholar?q=related:Z6_MmZH3IG4J:scholar.google.com/&scioq=intitle:prisma%7Cintitle:%22%E4%BC%98%E5%85%88%E6%8A%A5%E5%91%8A%E6%9D%A1%E7%9B%AE%22&hl=en&as_sdt=2007"
223,"M Gedda","Traduction française des lignes directrices PRISMA pour l'écriture et la lecture des revues systématiques et des méta-analyses",2015,"Kinésithérapie, la Revue","Elsevier","https://www.sciencedirect.com/science/article/pii/S177901231400432X","https://scholar.google.com/scholar?cites=11601806291729047738&as_sdt=2005&sciodt=2007&hl=en",99,"2024-11-27 10:37:00","HTML","","","",,,,,223,24.78,223,1,9,"Cet article présente sommairement les lignes directrices PRISMA sous forme d’une fiche synthétique. PRISMA est prévue pour rapporter les revues systématiques et les méta-analyses. …","https://www.sciencedirect.com/science/article/pii/S177901231400432X","https://scholar.google.com/scholar?q=related:uuBmc1rlAaEJ:scholar.google.com/&scioq=intitle:prisma%7Cintitle:%22%E4%BC%98%E5%85%88%E6%8A%A5%E5%91%8A%E6%9D%A1%E7%9B%AE%22&hl=en&as_sdt=2007"
56,"WGB Morales","Análisis de Prisma como Metodología para Revisión Sistemática: una Aproximación General.",2022,"Saúde em Redes","revista.redeunida.org.br","http://revista.redeunida.org.br/ojs/index.php/rede-unida/article/view/3317","https://scholar.google.com/scholar?cites=14692650808603024661&as_sdt=2005&sciodt=2007&hl=en",100,"2024-11-27 10:37:00","","","","",,,,,56,28.00,56,1,2,"El presente artículo se llevó a cabo en el contexto del programa de doctorado de ciencias de la salud, se llevó a cabo un análisis descriptivo de lo que es una revisión sistemática …","http://revista.redeunida.org.br/ojs/index.php/rede-unida/article/download/3317/864","https://scholar.google.com/scholar?q=related:FZ2jvxDI5ssJ:scholar.google.com/&scioq=intitle:prisma%7Cintitle:%22%E4%BC%98%E5%85%88%E6%8A%A5%E5%91%8A%E6%9D%A1%E7%9B%AE%22&hl=en&as_sdt=2007"
